lfd. Nr.,Posteingang,Veranstalter/Vertreter,Thema,Versammlungsort,Datum der Vers.,Zeit
1,2012-09-11 00:00:00,"DIE LINKE, Stadtverband Erfurt","""Thüringen rockt""",Anger 1 / Ursulinenkloster,2013-05-31 00:00:00,13.00 - 22.00
,,,,,,
2,2012-11-12 00:00:00,SOKA-Run e.V.,"""Halterkunde statt Rassenliste""",Willy-Brand-Platz à Bahnhofstraße à Juri-Gagarin-Ring à Löbertor à Anger à Bahnhofstraße à Willy-Brand-Platz,2013-06-22 00:00:00,12.00 - 16.30
3,2012-03-13 00:00:00,DGB Thüringen,"""1. Mai""",Anger,2013-05-01 00:00:00,
4,2010-10-07 00:00:00,CDU Erfurt,"""Aktuelle Lage""",Fischmarkt,2013-05-01 00:00:00,10.00 - 16.00
5,2012-12-27 00:00:00,Einzelperson,"""Arbeit , Recht, Freiheit""",Bahnhofsvorplatz à Kurt-Schumacher-Straße à Schmidtstedter Straße à Trommsdorffstraße à Juri-Gagarin-Ring à Löberstraße à Löberwallgraben à Schillerstraße à Stauffenbergallee à Trommsdorffstraße à Kurt-Schumacher-Straße à Bahnhofsvorplatz,2013-05-01 00:00:00,12.00 - 18.00
6,2013-01-03 00:00:00,Die Linke.Erfurt,Gedenkveranstaltung Ehrung Luxemburg-Liebknecht,Rosa-Luxemburg-Platz,2012-01-20 00:00:00,09.00 - 10.45
7,2013-01-07 00:00:00,Kulturverein Mesopotamien,"Internationale Kampagne ""Freiheit für Öcalan""",Angerdreieck,2013-01-09 00:00:00,15.00 - 18.00
,,,,Willy-Brandt-Platz,2013-01-12 00:00:00,13.00 - 16.00
007a,2013-01-10 00:00:00,Kulturverein Mesopotamien,Ermordung von drei kurdischen PolitikerInnen,Willy-Brandt-Platz à Bahnhofstraße à Anger à Schlösserstraße à Fischmarkt,2013-01-12 00:00:00,14.00 - 16.00
8,2013-01-16 00:00:00,Einzelperson,Bundesweiter Aktionstag gegen Winterabschiebungen / für einen vollständigen Winterabschiebestopp,"Gehweg Reglermauer, auf Höhe Schulhoftor Edith-Stein-Schule",2013-01-18 00:00:00,10.00 - 12.30
9,2013-01-16 00:00:00,DIE LINKE,Kommunen in Not,"Jürgen-Fuchs-Straße, Erfurt",2013-01-24 00:00:00,13.00 -15.00
10,2013-01-15 00:00:00,Universität Erfurt,"""Campus Anger-öffentliche Vernunftseinübungen-historische Bildung als Menschenrechtsbildung""",Angerdreieck,2013-04-29 00:00:00,13.00 - 18.00
,,,,,,
,,,"""Campus Anger-öffentliche Vernunftseinübungen-ohne Angst verschieden sein können""",,,
,,,,,,
,,,,,,
,,,,,,
,,,,,,
,,,,Angerdreieck,2013-04-30 00:00:00,12.00 -18.00
11,2013-01-17 00:00:00,PETA Deutschland,"""PETAs Anti-Zoo Aktion",vor dem Haupteingang des Erfurter Zoos / Zoopark,2013-01-31 00:00:00,15.00 - 16.10
12,2013-01-21 00:00:00,Erfurter Bündnis für soziale Gerechtigkeit,Donnerstagskundgebungen,Angerdreieck,Januar bis Juni,ab 17.00
13,2013-01-23 00:00:00,Jusos in der SPD Thüringen,"""1. Mai - Nazifrei""",Spielbergtor / Windhorststraße / Schillerstraße,2013-05-01 00:00:00,10.00 - 18.00
14,2013-01-23 00:00:00,SPD-Stadtratsfraktion,"""1. Mai - Nazifrei""",Schillerstraße/ Bahnhofstraße / Spielbergtor,2013-05-01 00:00:00,10.00 -18.00
15,2013-01-23 00:00:00,Naturfreundejugend Thüringen,"""1. Mai - Nazifrei""",Johannesstraße / Boyneburgufer / Johannesufer,2013-05-01 00:00:00,10.00 -18.00
16,2013-01-24 00:00:00,SPD-Stadtratsfraktion,"""1. Mai - Nazifrei""",Karl Marx Platz,2013-05-01 00:00:00,10.00 -18.00
17,2013-01-24 00:00:00,SPD-Stadtratsfraktion,"""1. Mai - Nazifrei""",Vollbrachtstraße / Mittelhäuser Str. / Riethstraße,2013-05-01 00:00:00,10.00 -18.00
18,2013-01-24 00:00:00,SPD-Ortsverein Erfurt-Altstadt,"""1. Mai - Nazifrei""",Am Malzwerk / Magdeburger Allee,2013-05-01 00:00:00,10.00 -18.00
19,2013-01-24 00:00:00,"Vereinte Dienstleistungsgewerkschaft ver.di, ","""1.Mai, Das ist unser Tag -nazifrei""",Hof des ver.di-Gebäudes,2013-05-01 00:00:00,10.00 - 20.00
,,,,,,
,,,,Schillerstraße 44 à Startkundgebung Kaffeetrichter à Kreuzung Schillerstraße/Puschkinstraße (Zwischenkundgebung) àPuschkinstraße/Ecke Elisabethstraße (Zwischenkundgebung) à Charlottenstraße à Schillerstraße à Kaffeetrichter (Abschlusskundgebung),2013-05-01 00:00:00,11.00 - 18.00
20,2013-01-28 00:00:00,IG Metall,"""1. Mai - Nazifrei""",Krämpferufer / Krämpferstraße / Schmidtstedter Ufer,2013-05-01 00:00:00,10.00 - 18.00
21,2013-01-29 00:00:00,Jusos in der SPD Erfurt,"""1. Mai - Nazifrei""",Johann-Sebastian-Bach-Straße / Windthorststraße / Häßlerstraße / Friedrich-Ebert-Straße,2013-05-01 00:00:00,10.00 - 18.00
22,2013-01-31 00:00:00,Linksjugend Thüringen,"""Erfurt bleibt nazifrei""",Bürgermeister-Wagner-Str. / Ecke Juri-Gagarin-Ring,2013-05-01 00:00:00,10.00 - 19.00
23,2013-01-31 00:00:00,Evangelische Gesamtschule,"""Wir sind angekommen"" - Die Kinder der evangelischen Gesamtschule",Klostergasse (Klostergang ???) àNeuwerkstraße à Anger (bis Papenbreer à zurück,2013-02-11 00:00:00,10.45 - 13.00
,,,,,,
,,"kein Aufzug, sondern Umzug",,,,
24,2013-02-01 00:00:00,Die LINKE,"Protest gegen einen Naziaufmarsch in Erfurt, Motto: ""Erfurt bleibt Nazifrei""","Hohenwindenstraße, Ecke Magdeburger Allee",2013-05-01 00:00:00,10.00 - 19.00
25,2013-02-01 00:00:00,DGB Thüringen,"""1. Mai. Unser Tag - Gute Arbeit. Sichere Rente. Soziales Europa.""",Kundgebung,2013-05-01 00:00:00,07.00 - 20.00
,,,,,,
,,,,Aufzug: Staatskanzlei (Auftaktkundgebung) à Regierungsstraße à Lutherstraße à Juri-Gagarin-Ring à Karl-Marx-Platz (Zwischenkundgebung) à Bahnhofstraße à Willy-Brandt-Platz (Zwischenkundgebung) à Bahnhofstraße à Anger (Kundgebung),2013-05-01 00:00:00,10.00 - 10.45
26,2013-02-01 00:00:00,PG häusliche Gewalt im Kriminalpräventiven Rat der Stadt Erfurt,"Aktion ""Mut schöpfen"" - macht das Ausmaß von häuslicher Gewalt aufmerksam",Anger 1,2013-09-28 00:00:00,09.00 - 16.00
27,2013-02-01 00:00:00,Die LINKE,"""Erfurt bleibt nazifrei""",Leipziger Platz,2013-09-01 00:00:00,10.00 - 19.00
28,2013-02-01 00:00:00,Einzelperson,"Kritik an der Messe ""Reiten, Jagen, Fischen""","Messegelände, Gothaer Straße",2013-04-13 00:00:00,16.00 - 18.00
29,2013-02-01 00:00:00,Einzelperson,"Kritik an der Messe ""Reiten, Jagen, Fischen""",Willy-Brandt-Platz (Auftaktkundgebung) à Bürgermeister-Wagner-Str à Bahnhofstraße à Schlösserstraße à Fischmarkt (Zwischenkundgebung) à Marktstraße à Domplatz (Zwischenkundgebung) à Lange Brücke à Eichenstraße à Neuwerkstraße (Zwischenkundgebung) à Anger (Abschlusskundgebung),2013-04-13 00:00:00,14.00 - 18.00
30,2013-02-04 00:00:00,Bündnis aus Einzelpersonen,"""Erfurt bleibt Nazifrei""","Kreuzungsbereich Trommsdorffstraße, Schmidtstedter Straße, Kurt-Schumacher.Straße",2013-05-01 00:00:00,10.00 - 19.00
31,2013-02-04 00:00:00,"""Entschleunigung in der Pergamentergasse""","""Weniger Verkehr und Einhaltung der Geschwindigkeit in der Pergamentergasse""","gesamte Pergamentergasse, rauf und runter",2013-04-18 00:00:00,16.00 -18.00
32,2013-02-06 00:00:00,SPD,Wahlkampfabschlussveranstaltung,"Anger (nur noch Anger kreuz möglich, Anger 1 belegt)",2013-09-20 00:00:00,10.00 - 18.00
33,2013-02-11 00:00:00,Studenten der Fachhochschule Kunst Arnstadt-Balingen,"""Erhalt der Fachhochschule Kunst Arnstadt-Balingen - Sicherung der Studienabschlüsse in Thüringen",Willy-Brandt-Platz à Bahnhofstraße à Thomasstraße à Löberstraße à Arnstädter Straße à Johann-Sebastian-Bach-Straße à Jürgen-Fuchs-Straße à Landtag,2013-02-15 00:00:00,11.00 - 14.00
34,2013-02-12 00:00:00,Landesfrauenrat Thüringen e.V.,"""Kritische Begleitung des neuen Thüringer Gleichstellungsgesetzes vor dem Thüringer Landtag""",Jürgen-Fuchs-Straße 1,2013-02-14 00:00:00,08.30. -09.30
35,2013-02-11 00:00:00,Kulturverein Mesopotamien e.V.,"""Newroz-Feier""",Angerdreieck (Auftaktkundgebung) à Schlösserstraße àFischmarkt à Marktstraße à Domplatz à Petersberg (Abschlusskundgebung),2013-03-21 00:00:00,18.00 - 21.00
36,2013-02-11 00:00:00,"DIE LINKE. Stadtverband Erfurt,","""Keine Räume für Nazis! Erfurt bleibt bunt!""",Steinplatz / Ecke Eugen-Richter-Straße,2013-05-01 00:00:00,10.00 -19.00
37,2013-02-14 00:00:00,Bündnis aus Einzelpersonen,"""Bullengewalt ist nicht nett - Solidartät mit Yve/tte",Rudolfstraße 46 Platz vor dem Amtsgericht,2013-02-18 00:00:00,12:30-16:00
037a,2013-02-14 00:00:00,Gewerkschaft Erziehung und Wissenschaft Thüringen,Mal ehrlich: Bildung ist MehrWert.Aktion zur Tarif- und Besoldungsrunde zum TV-L 2013,"Fischmarkt-Schlösserstraße, Anger Staatskanzlei",2013-03-06 00:00:00,15:30 - 18:00
38,2013-02-13 00:00:00,Flüchtlingsrat e.V. ,Residenzpflicht abschaffen-Bewegungsfreiheit ist ein Menschenrecht,Angerkreuz,2013-03-21 00:00:00,15:00 -18:00
038a,2013-02-15 00:00:00,"Lokales Bündnis für Familie Erfurt,","""Aktionstag anlässlich des Tages der Familie""",Anger - vor dem Familienzentrum,2013-05-17 00:00:00,14.00 - 17.00
39,2013-02-14 00:00:00,"BÜNDNIS 90/DIE GRÜNEN, Landtagsfraktion","""Equal Pay Day 2013""","Thüringer Landtag, Jürgen-Fuchs-Straße 1",2013-03-21 00:00:00,08.30 - 09.15
,,am 07.03.13 abgesagt,,,,
40,2013-02-19 00:00:00,"dbb, Beamtenbund","""Einkommensrunde für den öffentlichen Dienst der Länder 2013""","Anger, Lutherdenkmal (Auftaktkundgebung) à Anger à Regierungsstraße à Staatskanzlei (Abschlusskundgebung)",2013-02-27 00:00:00,13.00 - 14.00
41,2013-02-21 00:00:00,Piratenpartei,"""International Day for Privacy""",Angerkreuz,2013-02-23 00:00:00,14.00 - 17.00
,,am 22.02.13 abgesagt,,,,
42,2013-02-21 00:00:00,CSD in der Mitte Deutschlands-Erfurt e.V.,"""Christopher Street Day""",Willy-Brandt Platz (Auftaktkundgebung) à Bürgermeister-Wagner-Straße à Juri-Gagarin-Ring à Karl-Marx-Platz à Neuwerkstraße à Regierungsstraße à Staatskanzlei (Zwischenkundgebung) à Anger (Abschlusskundgebung),2013-06-29 00:00:00,13.00 -14.30
43,2013-02-25 00:00:00,BPW Germany Club Erfurt e.V.,"""Equal-Pay-Day: Lohngerechtigkeit für Frauen""","Erfurt, Angerdreieck",2013-03-21 00:00:00,16.00 - 18.00
44,2013-02-25 00:00:00,"Vereinte Dienstleistungsgewerkschaft ver.di, Frauenrat","""Internationaler Frauentag""","Anger, vor dem neuen Angerbrunnen",2013-03-08 00:00:00,13.00 - 15.00
45,2013-02-26 00:00:00,VVN BdA Ortsgruppe Erfurt,"""Kein Fußbreit den Faschisten - Erfurt bleibt Nazifrei""",Kreuzung Stauffenbergallee / Krämpferstraße,2013-05-01 00:00:00,10.00 - 19.00
46,2013-02-27 00:00:00,Einzelperson,"""Polizeigewalt ist nicht nett - Solidartät mit Yve/tte. Reloaded!""",Platz vor dem Amtsgericht in Erfurt (Haupteingang),2013-03-06 00:00:00,07.55 - 09.00
47,2013-02-28 00:00:00,Flüchtlingsrat Thüringen e.V.,"""Bewegungsfreiheit ist ein Menschenrecht. Residenzpflicht abschaffen!""","Jürgen-Fuchs-Straße 1, vor dem Haupteingang",2013-03-21 00:00:00,08.30 - 10.00
48,2013-03-01 00:00:00,"Grüne Jugend Erfurt, ADFC Erfurt","Critical Mass - Wir behindern nicht den Verkehr - Wir sind der Verkehr""",Willy-Brand-Platz à Juri-Gagarin Ring à Liebknechtstraße à Friedrich-Engels-Straße à Mittelhäuser Straße à Riethstraße à Mainzer Straße à Nordhäuser Straße à Magdeburger Alle à Bergstraße à Andreasstraße à Domplatz,2013-03-23 00:00:00,13.50 - 15.30
49,2013-03-01 00:00:00,ADFC Kreisverband Erfurt,"""Radtour critical mass Erfurt: Wir behindern nicht den Verkehr, wir sind der Verkehr.""",wird nachgereicht,2013-04-24 00:00:00,18.00 - 19.30
50,2013-03-05 00:00:00,DIE LINKE,Wahlkampfabschlussveranstaltung,Anger (Angerkreuz),2013-09-19 00:00:00,12.00 - 21.00
,,am 22.07.13 abgesagt,,,,
51,2013-03-05 00:00:00,Kulturverein Mesopotamien e.V,"""Rassismus in der Gesellschaft""",Angerdreieck,2013-05-16 00:00:00,16.00 - 19.00
52,2013-03-06 00:00:00,Anti-Atom-Bündnis Erfurt,Mahnwache zum Gedenken an Fukushima,Angerkreuz,2013-03-11 00:00:00,17.00 - 18.00
53,2013-03-12 00:00:00,Bürgerbewegung pro Deutschland,"""Bundestagswahl 2013 - pro Deutschland auf den Stimmzettel bringen""","Am Anger, Lutherdenkmal",2013-03-16 00:00:00,14.00 - 18.00
54,2013-03-14 00:00:00,Einzelperson,"Mahnwache ""Gewaltsamer Tod von Daniel S.""","Domplatz, Tiefgarage, Bechtheimer Str.",2013-03-14 00:00:00,19.00 - 19.30
55,2013-03-14 00:00:00,"Piratenpartei Deutschland, Kreisverband Erfurt, Windisch",Anti -GEMA - Proteste wegen Tariferhöhungen,Angerdreieck à Lachsgasse à Hirschlachufer à Eichenstraße à Hirschgarten (Staatskanzlei mit Zwischenkundgebung) à Hirschlachufer à Bahnhofstraße à Angerdreieck,2013-04-06 00:00:00,15.00 - 17.00
56,2013-03-18 00:00:00,Evangelische Andreasgemeinde,"""Nächstenliebe verlangt Klarheit""","vor der Andreaskirche , Andreasstraße 14",2013-05-01 00:00:00,09.00 - 16.00
57,2013-03-18 00:00:00,IG Metall Bezirk Mitte,"""Tarifrunde 2013 - plus für uns - plus für alle""",vor Hotel Radisson Blue - Freifläche zwischen Wendeschleife Hotel und Krämpferstraße,2013-03-22 00:00:00,09.30 - 11.30
58,2013-03-20 00:00:00,DIE LINKE. Erfurt,Wahlkampfveranstaltung des Bundes,Anger 1,2013-09-10 00:00:00,12.00 -21.00
59,2013-03-21 00:00:00,Pro Erfurt e.V.,"""Gemeinsam gegen das Vergessen""","Anger, Lutherdenkmal",2013-03-23 00:00:00,18.00 - 19.00
60,2013-03-26 00:00:00,Bündnis von Einzelpersonen,Last's krachen!,"Willy-Brandt-Platz - Bahnhofstraße, Anger, Regierungsstraße, Staatskanzlei, Regierungsstraße, Meister-Eckehart-Straße Paulstraße Kettenstraße, Domplatz Pergermentergasse Michaelisstraße Benediktsplatz Meienbergstraße Wenigemarkt Meienbergstraße Anger",2013-04-30 00:00:00,17:00 -22:00
61,2013-03-27 00:00:00,Vereinte Dienstleistungsgewerkschaft ver.di,Millionäre für Merkel,Anger rechts vor dem Anger,2013-04-13 00:00:00,15:00 -16:30
,,,,,,
62,2013-04-02 00:00:00,Einzelperson,"""1.Mai - Nazifrei""","Marktplatz am Johannesplatz, neben Wendenstraße",2013-05-01 00:00:00,10.00 - 18.00
63,2013-04-02 00:00:00,Piratenpartei Deutschland LV Thüringen,"""Neuregelung der Bestandsdatenauskunft""",Anger à Regierungsstraße à Hirschgarten/Staatskanzlei à Neuwerkstraße à Anger,2013-04-14 00:00:00,14.00 - 17.00 
64,2013-04-04 00:00:00,Einzelperson,"""Internationaler Tag der Roma""",zwischen Anger 1 und neuem Angerbrunnen,2013-04-08 00:00:00,13.00 -17.00
65,2013-04-02 00:00:00,Thüringer Folklore Ensemble,"""Tanz verbindet Kulturen""",Domplatz à Kettenstraße à Lange Brücke à Eichenstraße à Neuwerkstraße à Anger à Kaufmannskirche à Meienbergstraße à Wenigemarkt à Benediktsplatz à Michaelisstraße à Allerheiligenstraße Marktstraße à Domplatz,2013-07-13 00:00:00,10.00 - 12.00
66,2013-04-08 00:00:00,Flüchtlingsrat Thüringen e:V.,"""Residenzpflicht abschaffen""",Erfurt Jürgen-Fuchs-Straße 1,2013-04-25 00:00:00,8:30-9:30
67,2013-04-04 00:00:00,Albert Schweitzer Stiftung für unsere Mitwelt,"""Tierschutz gegen Massentierhaltung""",Angerkreuz,2013-04-18 00:00:00,11:00 -19:00
68,2013-04-12 00:00:00,Bündnis 90 / Die Grünen,"""Verkehrssicherheit""",Angerkreuz,2013-05-06 00:00:00,12.30 - 13.30
69,2013-04-10 00:00:00,"Gewerkschaft Nahrung-Genuss-Gaststätten, Region Thüringen","""Kommen wir nicht rein - dann bleiben wir hier""","Langer Graben 82, vor der Ernst Benary Schule, 99092 Erfurt",2013-05-13 00:00:00,08.00 - 15.00
70,2013-04-15 00:00:00,Offene Arbeit des Evangelischen Kirchenkreises Erfurt,Evangelische Kirche gegen Rechtsextremismus - Nächstenliebe verlangt Klarheit,Spielbergtor / Ecke Schillerstraße,2013-05-01 00:00:00,10.00 - 19.00
71,2013-04-12 00:00:00,Gewerkschaft Erziehung und Wissenschaft Thüringen,"""Erfurt nazifrei""",Kreuzung Stauffenbergallee / Ernst-Thälmann-Straße (netto-Markt),2013-05-01 00:00:00,10.00 - 18.00
72,2013-04-15 00:00:00,Jusos in der SPD Erfurt / LV Thüringen,Mobilisierung für die Protestveranstaltungen am 1. Mai,Angerdreieck,2013-04-19 00:00:00,13.00 - 15.00
73,2013-04-17 00:00:00,IG Metall Erfurt,Plus für uns -Plus für alle- Tarifbewegung 2013 in der Metall- und Elektroindustrie,hinter der Kaufmannskirche Freifläche Meienbergstraße /Kaufmännerstraße,2013-04-25 00:00:00,9:30-11:00
74,2013-04-16 00:00:00,Landesjugendwerk der AWO Thüringen,1. Mai Nazifrei,Stadtpark Treppe am Ausgang Richtung Hauptbahnhof,2013-05-01 00:00:00,10:00 - 18:00
75,2013-04-18 00:00:00,DGB Thüringen,Erhalt der Arbeitsplätze bei Bosch-Solar Arnstadt,Jürgen-Fuchs-Straße 1,2013-04-25 00:00:00,08.00 - 10.30
76,2013-04-19 00:00:00,Pro Erfurt e.V.,"""Arbeit, Recht und Freiheit-Heraus zum 1. Mai !""",Rieth Vilniuspassage,2013-04-22 00:00:00,18:00 -19:00
77,2013-04-19 00:00:00,Pro Erfurt e.V.,"""Arbeit, Recht und Freiheit-Heraus zum 1. Mai !""",Moskauer Platz,2013-04-23 00:00:00,18:00 -19:00
78,2013-04-19 00:00:00,Pro Erfurt e.V.,"""Arbeit, Recht und Freiheit-Heraus zum 1. Mai !""",Roter Berg,2013-04-24 00:00:00,18:00 -19:00
79,2013-04-19 00:00:00,Pro Erfurt e.V.,"""Arbeit, Recht und Freiheit-Heraus zum 1. Mai !""",Willy-Brandt-Platz,2013-04-25 00:00:00,18:00 -19:00
80,2013-04-19 00:00:00,Pro Erfurt e.V.,"""Arbeit, Recht und Freiheit-Heraus zum 1. Mai !""",Anger Lutherdenkmal,2013-04-26 00:00:00,18:00 -19:00
81,2013-04-23 00:00:00,"Bündnis 90/Die Grünen, Die Linke, SPD im Thüringer Landtag","""Mein Quadratmeter für keinen Meter"" - Mobilisierung gegen den Naziaufmarsch am 1. Mai","vor Thüringer Landtag, Jürgen-Fuchs-Straße",2013-04-25 00:00:00,13.00 - 14.00
82,2013-04-22 00:00:00,Bund der Heimatvertriebenen e.V.,Gedenken an die Opfer von Flucht und Vertreibung nach dem 2. WK,Hauptfriedhof,2013-05-04 00:00:00,10:00 -11:00
83,2013-04-23 00:00:00,Deutsch-Russische Freundschaftsgesellschaft in Thüringen e.V.,Gedenkveranstaltung aus Anlass des 68.Jahrestages der Befreiung vom Hitlerfaschismus ,Hauptfriedhof,2013-05-08 00:00:00,10:00 -11:00
84,20.03.13 / 03.05.13,DIE LINKE. Erfurt,80. Jahrestag Bücherverbrennung,"Anger 1, vor dem Ursulinenkloster",2013-04-07 00:00:00,15.00 - 17.30
85,2013-05-03 00:00:00,CDU Erfurt,Aktuelle Lage,keine Angabe,2013-06-17 00:00:00,15.30 - 18.30
86,2013-05-07 00:00:00,"Pro Erfurt e.V., Dirk Bachmann","8. Mai, Tag der Befreiung","Marktplatz Drosselberg, gegenüber Haltestelle Straßenbahn",2013-05-12 00:00:00,14.00 - 16.00
87,2013-05-03 00:00:00,Einzelperson,Erinnerungen an Solingen und den Alltagsrassismus,"Dendrologischer Garten, 200 qm",2013-05-12 00:00:00,16.20 - 19.00
88,2013-05-08 00:00:00,"Grüne Jugend Erfurt, QueErfurt, Juso Hochschulgruppe, Campusgrün, Uni Erfurt",Same Sex Handholding anlässlich des Internationalen Tages gegen Homophobie,"Anger, Angerkreuz",2013-05-17 00:00:00,18.20 - 19.00
89,2013-05-13 00:00:00,ver.di,Auftaktveranstaltung zur Tarifrunde im Einzelhandel,"Anger, vor dem neuen Angerbrunnen",2013-05-16 00:00:00,12.00 - 14.00
90,2013-05-14 00:00:00,die betroffenen Bürger von Mittelhausen,Saubere Luft für Mittelhausen,Bürgerhaus Mittelhausen Kühnhäuser Straße 11,2013-05-21 00:00:00,18:30-19:00
91,2013-05-15 00:00:00,"Stattreisen Erfurt, Geschichten am Wege e.V.","""Die Flammzeichen rauchen…"", Gedenken an eine Erfurter Bücherverbrennung 1933","Platz vor der Hauptbibliothek, Domplatz",2013-05-25 00:00:00,11.00 - 13.00 
92,2013-05-16 00:00:00,Flüchtlingsrat Thüringen e.V.,"""Residenzpflicht abschaffen""","Erfurt, Jürgen-Fuchs-Straße 1",2013-05-24 00:00:00,08.30 -11.00
93,2013-05-21 00:00:00,The Voice Refugee Forum,"""Residenzpflicht""",vor dem Erfurter Hauptbahnhof,2013-05-22 00:00:00,ab 17.00
94,2013-05-16 00:00:00,PETA Deutschland e.V.,"""PETAs Anti-Milch-Aktion","Anger, nähe des neuen Angerbrunnens",2013-06-06 00:00:00,09.00 - 10.10
95,2013-05-17 00:00:00,ISCON Deutschland,"Wahrnehmung religiöser Freiheit mit dem Ziel Barrieren zwischen Atheisten, anderen Religionen und uns abzubauen","Anger, vor dem neuen Angerbrunnen",2013-06-03 00:00:00,11.00 - 19.00
96,2013-05-21 00:00:00,Brennessel e.V.,Gedenken der Opfer von Gewalt,Fischmarkt neben der Sparkasse,2013-11-25 00:00:00,16:30-18:30
096a,2013-05-21 00:00:00,Bündnis 90 / Die Grünen Thüringen,Wahlversammlung mit Spitzenkandidatin Fr. Göring Eckardt,Wenigemarkt,2013-09-16 00:00:00,16.30 - 20.00
97,2013-05-21 00:00:00,FDP,Wahlkampf Bundestagswahl,Anger 1,2013-09-17 00:00:00,16:00 - 20:00
98,2013-05-21 00:00:00,FDP,Wahlkampf Bundestagswahl,Anger 1,2013-09-18 00:00:00,16:00 -20:00
99,2013-05-23 00:00:00,AG Nachhaltigkeit Erfurt e.V. Grüne Jugend ADFC,Critical Mass - Wir behindern nicht den Verkehr-Wir sind der Verkehr,"Willy-Brandt-Platz- Bürgermeister Wagner-Straße Löberstr. Veilchenstr. Weiße Gasse, Domplatz",2013-05-31 00:00:00,18:00:00
100,2013-05-24 00:00:00,CDU Fraktion im Erfurter Stadtrat,Kita Gebührenerhöhung,zwischen Restaurant SiJu und Rathausarcade ,2013-06-12 00:00:00,16:00 -17:00
101,2013-05-24 00:00:00,CDU Fraktion im Erfurter Stadtrat,Kita Gebührenerhöhung,zwischen Restaurant SiJu und Rathausarcade ,2013-07-03 00:00:00,16:00 -17:00
102,2013-05-24 00:00:00,verdi-Ortsverein Mittelthüringen im Fachbereich 9 Kommunikation,Veranstaltung für und mit Beschäftigten bei mobilcom/debitel im Rahmen der ver.di Aktionswoche 2013,Fußweg vor Dubliner Straße 12 ,2013-06-06 00:00:00,12:00 -18:00
103,2013-05-31 00:00:00,IG Bau Bezirk Erfurt,"""Rente muss zum Leben reichen"" Stoppt die rente mit 67""","Warsbergstraße 1, zum Domplatz, Wenigemarkt Anger, Regierungsstraße Hirschgarten Lange Brücke",2013-06-01 00:00:00,13:30-15:30
104,2013-06-03 00:00:00,Wohnen inklusiv - sozial leben e.V.,Es brennt noch Licht im Rotdornweg,"Rotdornweg , Nordhäuser Straße Marktstraße",2013-06-12 00:00:00,16:45 17:45
105,2013-06-04 00:00:00,Gemeinschaft ehemaliger Politischer Häftlinge,Kranzniederlegung für die Opfer des Volksaufstandes ,Andreasstraße ehemalige JVA,2013-06-17 00:00:00,10.00 -11.00
106,2013-06-04 00:00:00,AG BVkE Erfurt,Marsch für das Leben,"W.-Brandt-Platz, Bahnhofstraße, Juri-Gagarin-Ring, Eichenstraße Regierungsstraße, Anger Platz vor dem Anger 1, Kaufhaus",2013-06-29 00:00:00,13.00 - 16.00
,,,,,,Aufbau ab 10.00 
,,,,,,abbau bis 18.00
107,2013-06-05 00:00:00,Kulturagentenprogramm,1354 Eine Geschichte aus Liebe und Blut,"Domplatz Marktstraße, Allerheiligenstraße, Waagegasse Benediktsplatz, Wenigemarkt, Gotthardstraße, Taubengasse, Schildgasse, Hütergasse, Horngasse,  Benediktsplatz, Michaelisstraße, Allerheiligenstraße, Domplatz, Pergamentergasse, Michaelisstraße ",2013-06-07 00:00:00,18:00 -19:00
108,2013-06-06 00:00:00,Erfurter Bündnis für soziale Gerechtigkeit - gegen Rechtsextremismus,Donnerstagsdemos,Angerkreuz,2013-06-27 00:00:00,17:00 - 18:00
,,,,,2013-07-04 00:00:00,
,,,,,2013-07-11 00:00:00,
,,,,,2013-07-18 00:00:00,
,,,,,2013-07-25 00:00:00,
,,,,,2013-08-01 00:00:00,
,,,,,2013-08-08 00:00:00,
,,,,,2013-08-15 00:00:00,
,,,,,2013-08-22 00:00:00,
,,,,,"30,08.13",
,,,,,2013-09-05 00:00:00,
,,,,,2013-09-12 00:00:00,
109,2013-06-11 00:00:00,DGB- Jugend Thüringen,Feierabend - 30 h Woche für alle,Anger 1,2013-06-24 00:00:00,15:00 - 18:00
110,2013-06-11 00:00:00,SPD Thüringen,Bundestagswahl 2013,Domplatz,30.08.13 Aufbau,
,,,,,2013-08-31 00:00:00,
,,,,,Versammlung,10.00 - 15.00
,,,,,2013-09-01 00:00:00,
,,,,,Abbau,
111,2013-06-14 00:00:00,AIDS-Hilfe Thüringen e.V.,Nacht der Solidarität,Angerdreieck,2013-06-22 00:00:00,16.30 - 20.30
112,2013-06-17 00:00:00,"Büro ""Die Linke"", Apolda / Weimar",Solidarität mit Taksim,Willy-Brandt-Platz (Auftakt) - Bahnhofstraße - Anger (Zwischenkundgebung) - Hirschgarten (Abschluss),2013-06-19 00:00:00,ab 17.00
,,,,,,
113,2013-06-21 00:00:00,"Halmanseder, Carsten Albert Schweitzer Stiftung für unsere Mitwelt",Tierschutz /gegen  Massentierhaltung ,Pilse 26/27 ,2013-07-11 00:00:00,11:00 -19:00
114,2013-06-21 00:00:00,Amnesty International Hochschulgruppe Erfurt,Asylpolitik der Europäischen Union - Flüchlingsprobleme an den Außengrenzen Europas ,Anger 1,2013-08-04 00:00:00,9:00 - 16:00
115,2013-05-08 00:00:00,Alternative für Deutschland Thüringen,AfD und die Zukunft Europas,Anger 1,2013-06-28 00:00:00,14:00 - 20:30
116,2013-06-26 00:00:00,"Grüne Jugend Erfurt, ADFC, AG Nachhaltigkeit",Critical Mass- Wir ,Willy-Brandt-Platz-Trommsdorfstr.- ,2013-07-05 00:00:00,18:00-19:30
,,,behindern nicht den Verkehr - Wir sind der Verkehr,Geschwister-Scholl-Str.- Leindefelder Weg-LeipzigerStr. -Eugen-Richter-Str. -Johannesstr.- Anger- Lange Brücke- Dom- Pergamentergasse-Am Hügel,,
117,2013-06-27 00:00:00,Linksjugend Erfurt,Bildungskampagne zu Leistungsdruck + Chancengleichheit im Bildungssystem,vor dem Anger 1,2013-07-03 00:00:00,14.30 - 17.30
118,2013-06-28 00:00:00,"Gewerkschaft ver.di, Fachbereich Handel",Tarifverhandlungen im Einzelhandel,"Regierungsstraße, vor der Staatskanzlei",2013-07-03 00:00:00,12.30 - 14.30
119,2013-06-28 00:00:00,"Ver.di, Fachbereich 10",Warnstreik,"Postbank (Anger, Auftaktkundgebung) à Anger à Neuwerkstraße à Löbertor à Juri-Gagarin-Ring à Löberstraße à Löberwallgraben à Ver.di",2013-07-05 00:00:00,08.30 - 11.00
120,2013-07-04 00:00:00,Gleichstellungsbeauftragte,Weltmädchentag 11. Oktober - durch Licht ein Zeichensetzen für die Rechte von Mädchen,Wenigemarkt,2013-10-11 00:00:00,16.00 - 20.00
121,2013-07-08 00:00:00,DGB Thüringen,Übergabe Unterschriften zur Übernahme Tarifergebnis für Beamte,Jürgen-Fuchs-Straße 1,2013-07-10 00:00:00,12.00 - 12.30
122,2013-07-09 00:00:00,Antimilitaristische Initiative,Schulfrei für die Bundeswehr,"Bukarester Straße 2, Erfurt",2013-07-12 00:00:00,07.45 - 12.45
123,2013-07-16 00:00:00,"Vereinte Dienstleistungsgewerkschaft, Fachbereich Handel",Tarifverhandlungen Einzelhandel - Streikversammlung,Flughafen - vor dem Hotel Airport,2013-07-24 00:00:00,08.30 - 11.00
124,2013-07-15 00:00:00,"Ortsteilrat Bindersleben, Kirchgemeinde Bindersleben",69. Jahrestag des Bombenabwurfes auf Bindersleben,Friedhof Bindersleben,2013-07-21 00:00:00,10.00 - 10.45
125,2013-07-15 00:00:00,Bündnis 90 / Die Grünen,Energie Talk,Nordpark - vor dem Schwimmbad,2013-09-14 00:00:00,15.00 - 18.00
126,2013-04-12 00:00:00,CDU Kreisverband Erfurt,Bundestagswahlkampf 2013,Bereich vor Anger 1,2013-09-12 00:00:00,10.00 - 20.00
,,,,,2013-09-13 00:00:00,
,,,,,2013-09-14 00:00:00,
,,,,,2013-09-19 00:00:00,
,,,,,2013-09-21 00:00:00,
,,,,,2013-09-21 00:00:00,
127,2013-07-23 00:00:00,DIE. LINKE Erfurt,Jugend trifft die Linke,"Rieth - Vilnius, Platz der Völkerfreundschaft",2013-08-13 00:00:00,16.00 - 23.00
128,2013-07-23 00:00:00,DIE. LINKE Erfurt,Treffen mit Bürgern im Stadtgebiet,"Sozialzentrum, Tungerstraße 9",2013-08-13 00:00:00,13.00 - 20.30
129,2013-07-23 00:00:00,DIE. LINKE Erfurt,Treffen mit Bürgern im Wohngebiet,"Juri-Gagarin-Ring, hinter Nr. 9",2013-08-26 00:00:00,13.00 - 20.30
130,2013-07-29 00:00:00,DIE. LINKE Erfurt,Für einen fahrscheinfreien ÖPNV in Erfurt,Angerdreieck ,2013-07-30 00:00:00,10.00 - 13.00
,,AG fahrscheinfreier ÖPNV,,,,
131,2013-08-01 00:00:00,Thüringer Arbeitsloseninitiative - Soziale Arbeit e.V.,"""Altersarmut""",vor dem Landtag Erfurt,2013-09-02 00:00:00,13.00 - 15.00
132,2013-08-02 00:00:00,NPD-Landesverband Thüringen,"""Aus Liebe zum Tier - keine Islamisierung""","Trommsdorffstraße, vor Halal-Fleischerei und Imbiss",2013-08-17 00:00:00,11.00 - 13.00
133,2013-08-05 00:00:00,Alternative für Deutschland,"""Wahlkampfveranstaltung der ""","Willy-Brandt-Platz, Erfurt",2013-08-29 00:00:00,10.00 - 20.00
,,,,,,
134,2013-08-02 00:00:00,SPD Ortsverein Erfurt Altstadt,Sommersitzung des SPD Ortsverein Erfurt -Altstadt,hinter der Krämerbrücke,2013-08-27 00:00:00,18.30 - 21.00
135,2013-07-23 00:00:00,DIE LINKE. Erfurt,Treffen mit Bürgern im Wohngebiet,"Moskauer Platz, auf Platz vor dem Einkaufzentrum",2013-09-06 00:00:00,13.00 - 20.30
136,2013-07-23 00:00:00,DIE LINKE. Erfurt,Treffen mit Bürgern im Wohngebiet,"Berliner Platz, Einkaufspassage, Garten der Begegnung",2013-08-23 00:00:00,13.00 - 20.30
137,2013-05-08 00:00:00,Alternative für Deutschland,Wahlkampfveranstaltung der Alternative für Deutschland,vor Anger 1,2013-08-22 00:00:00,10.00 - 18.00
,,,,,2013-08-23 00:00:00,10.00 - 18.00
,,,,,2013-08-24 00:00:00,10.00 - 18.00
138,2013-05-08 00:00:00,Alternative für Deutschland,Wahlkampf der Alternative für Deutschland,vor Anger 1,2013-08-15 00:00:00,10.00 - 18.00
,,,,,2013-08-16 00:00:00,10.00 - 18.00
,,,,,2013-08-17 00:00:00,10.00 - 18.00
139,2013-05-08 00:00:00,Alternative für Deutschland,Wahlkampfveranstaltung der Alternative für Deutschland,vor Anger 1,2013-09-05 00:00:00,10.00 - 18.00
,,,,,2013-09-06 00:00:00,10.00 - 18.00
,,,,,2013-09-07 00:00:00,10.00 - 18.00
140,2013-08-05 00:00:00,Mehr Demokratie e.V.,Bundesweite Volksentscheide,Anger 1,2013-09-02 00:00:00,08.30 - 18.00
141,2013-07-23 00:00:00,DIE LINKE. Erfurt,Jugend und Bürger treffen die Linken,Ilversgehoven,2013-09-20 00:00:00,ab 13.00
142,2013-07-05 00:00:00,Erfurter Rollrunde,Alternative Fortbewegungsmittel für den Innenstadtverkehr,Willy-Brandt-Platz à Anger à Lauentor,2013-09-22 00:00:00,13.00 - 16.00
,,,,,,
143,2013-08-12 00:00:00,Kulturverein Mesopotamien e.V. ,Menschenrechtslage in der Türkei,"Angerdreieck, Erfurt",2013-08-15 00:00:00,15.00 - 18.30
144,2013-08-12 00:00:00,Jusos in der SPD,Für Vielfalt und Toleranz - Interkulturelles Straßenfest,Trommsdorffstraße Ecke Kurt-Schumacher-Straße,2013-08-17 00:00:00,10.00 - 14.00
,,,,,,
145,2013-08-13 00:00:00,Einzelperson,Für eine Kultur der Unantastbarkeit der Menschenwürde und der Anerkennung von Verschiedenheit - Gegen antisemitische und antimuslimische Hasspropaganda - Aufklärung von Vorurteilen,"Ausgang Schmidtstedter Straße, Richtung Trommsdorffstraße",2013-08-17 00:00:00,10.00 - 15.00
146,2013-09-15 00:00:00,Bündnis 90 / Die Grünen,Wahlkampfveranstaltung,Verbindungsweg zwischen Regierungsstraße und Neuwerkstraße,2013-09-05 00:00:00,17.00 - 21.00
147,2013-08-21 00:00:00,Bündnis 90 / Die Grünen,"""Clever gegen Plastik - Stoffbeutel statt Plastiktüte""",Angerkreuz,2013-08-29 00:00:00,17.00 - 18.00
148,2013-08-07 00:00:00,MLPD,Wahlkundgebung der MLPD,Angerkreuz oder Anger 1,2013-09-14 00:00:00,10.00 - 16.00
149,2013-08-22 00:00:00,Initiative: Platz für Subkultur,"Altes Schauspielhaus Erfurt, ein Platz für Subkultur ?",Klostergang (vor dem alten Schauspielhaus),2013-08-25 00:00:00,14.00 - 21.00
150,2013-08-22 00:00:00,Bündnis90 / Die Grünen Thüringen,"Beutelaktion ""Plastik gegen clever""",Angerkreuz,2013-08-29 00:00:00,17:00 - 19:00
151,2013-08-26 00:00:00,Konferenz Thüringer Studierendenschaften,Unterschriftensammlung + Info Bildung braucht Bündnis,Gegenüber Haupteingang Landtag / Jürgen Fuchs-Straße,2013-09-19 00:00:00,8:00 - 10:00
152,2013-08-26 00:00:00,Konferenz Thüringer Studierendenschaften,Unterschriftensammlung + Info Bildung braucht Bündnis,Gegenüber Haupteingang Landtag / Jürgen Fuchs-Straße,2013-09-12 00:00:00,13:00 - 15:00
153,2013-08-28 00:00:00,ADFC Kreisverband Erfurt,"Radtour Critical mass: Wir behindern nicht den Verkehr, wir sind der Verkehr.","Willy_brandt-Platz, Bgm Straße J.G. Ring Johannesstraße, Magdeburger Allee Mittelhäuser Straße Str. der Nationen Bukarester Straße U-Bator-Straße Nordhäuser Straße Andreasstraße Kettenstraße La Brücke Eichen Neuwerkstraße Anger",2013-09-11 00:00:00,18:00 - 20:00 
154,2013-09-02 00:00:00,Thüringer Verband der Verfolgten des Naziregimes/Bund der Antifaschisten,Gedenkstunde mit Kranzniederlegung  für die Opfer des Faschismus,Hauptfriedhof Ehrenhain für antifaschistische Widerstandskämpfer und Opfer des Faschismus,2013-09-08 00:00:00,10:00 -10:30
155,2013-09-05 00:00:00,AfD Alternative für Deutschland,Demokratie / Eurorettung Wahlkampf AfD,Anger 1 ,2013-09-13 00:00:00,10:00 -18:00
156,2013-09-09 00:00:00,Privatinitiative,Zirkus - kein Spaß für Tiere,"Vor dem ""Zirkus Probst"", Thüringenhalle, Werner-Seelenbinder-Str. 2, 99096 Erfurt",2013-09-13 00:00:00,13.00 - 15.15
157,2013-09-12 00:00:00,Erfurter Bündnis für soziale Gerechtigkeit,Donnerstagskundgebungen,Angerdreieck,2013-09-26 00:00:00,jeweils 17.00 bis 18.00
,,,,,2013-10-10 00:00:00,
,,,,,2013-10-17 00:00:00,
,,,,,2013-10-24 00:00:00,
,,,,,2013-11-07 00:00:00,
,,,,,2013-11-14 00:00:00,
158,2013-09-16 00:00:00,NPD,Asylflut und Eurowahn stoppen - NPD in den Bundestag,Anger vor Karstadt,2013-09-18 00:00:00,12.00 - 16.00
159,2013-09-16 00:00:00,Marinekameradschaft Erfurt e.V.,"Wiederaufbau Marineehrenmal, Kranzniederlegung","Erfurter Hauptfriedhof, Trauerhalle",2013-11-16 00:00:00,15.00 -16.00
160,2013-09-16 00:00:00,AIDS - Hilfe Thüringen e.V. und Bestattungsinstitut ,"""Name und Steine""",Steinspur vor den Domstufen,2013-11-04 00:00:00,15.00 - 20.00
161,2013-09-17 00:00:00,"Bürgerinitiative ""Kein Energiespeicher am Rennsteig e.V.",Kein Energiespeicher am Rennsteig,"Thüringer Landtag, Jürgen-Fuchs-Straße 1",2013-09-19 00:00:00,13.30 - 14.30
162,2013-09-17 00:00:00,DGB Jugend Erfurt ,Keine Stimme für Nazis! Für eine offene Gesellschaft,"Anger, Lutherdenkmal",2013-09-18 00:00:00,11:45 - 16:00
,,,,,,
,,ABGESAGT,,,,
163,2013-09-18 00:00:00,NPD Parteivorstand,Gegen Polizeiwillkür,Trommsdorfstraße / Schmidtstedter Straße,2013-09-18 00:00:00,16:00 -21:00
164,2013-09-18 00:00:00,Einzelperson,deine Stimme gegen Nazis,Trommsdorfstraße / Schmidtstedter Straße,2013-09-18 00:00:00,21:00 - 0:00
165,2013-09-25 00:00:00,AIDS - Hilfe Thüringen e.V.,30 Jahre AIDS-Hilfe,Anger Dreieck,2013-09-28 00:00:00,11:00 - 16:00
166,2013-09-26 00:00:00,Vereinte Dienstleistungsgewerkschaft ver.di Fachbereich Handel,Tarifverhandlungen im Einzelhandel - Streikversammlung und Demonstration,Schillerstr. à Löberstr. à Hirschgarten à Anger (Zwischenkundgebung) à neuer Angerbrunnen à Johannesstr. à Futterstr. à Zwischenkundgebung Kreuzung Schottenstr. (Sitz des AG-Verbandes) à Wenigemarkt à Junkersand à Anger à und zurück zur Schillerstr.,2013-10-01 00:00:00,10:00 - 14:00
167,2013-09-27 00:00:00,Linksjugend ('solid) Thüringen,"""Bundeswehr raus aus den Schulen""",Walter Gropius Schule Binderslebener Landstraße Höhe Haltestelle,2013-10-01 00:00:00,7:00 -10:00
168,2013-09-27 00:00:00,Linksjugend ('solid) Thüringen,"""Bundeswehr raus aus den Schulen""","Langer Graben , bei der Fußgängerunterführung",2013-10-01 00:00:00,7:00 -10:00
169,2013-09-30 00:00:00,"Ver.di, Ortsverein Mittelthüringen","""Aktive Mittagspause"" im Rahmen der Tarifrunde 2013 bei IBM",Fußweg und Ladefläche vor Parsevalstraße 8,2013-10-08 00:00:00,11.30 - 13.00
170,2013-09-30 00:00:00,PhotogenX Europe e.V.,"""Europäischer Tag gegen Menschenhandel""",Angerkreuz,2013-10-18 00:00:00,15.00 - 17.00
171,2013-10-02 00:00:00,Einzelperson,Kundgebung / Mahnwache für die rumänische Straßenhunde,Angerkreuz,2013-10-12 00:00:00,13:00 -17:00
172,2013-10-02 00:00:00,ADFC Kreisverband,"""Critical Mass Erfurt: Wir behindern nicht den Verkehr, wir sind der Verkehr! Fahrraddemo""",Willy-Brandt-Platz à Bürgermeister-Wagner-Straße à Juri-Gagarin-Ring à Lutherstraße à Wilhelm-Külz-Straße à Walkmühlstraße à Bonifaciusstraße à Alfred-Hess-Straße à Steigerstraße à Arnstädter Straße à Johann-Sebastian-Bach-Straße à Häßlerstraße à Rudolstädter Straße à Weimarische Straße à Löberstraße à Juri-Gagarin-Ring à Trommsdorffstraße à Thälmannstraße à Leipziger Platz à Liebknechtstraße à Schlachthofstraße à Franckestraße à Juri-Gagarin-Ring à Krämpferstraße à Johannesstraße à Futterstraße à Rathausbrücke àBenediktsplatz,2013-10-17 00:00:00,18.00 - 20.00
,,,,,,
174,2013-10-22 00:00:00,"Berufsbildende Schulen ""St. Elisabeth""","""Zeig Herz - Hilf mit! Demonstration für soziale Gerechtigkeit""",Anger - vor dem Lutherdenkmal,2013-11-19 00:00:00,12.00 - 15.00
175,2013-10-21 00:00:00,Bürgerbewegung für Kreislaufwirtschaft,"""Weltklimatag am 16.11.13""",Angerkreuz oder Lutherdenkmal,2013-11-16 00:00:00,11.00 - 13.00
176,2013-10-21 00:00:00,Aktionskreis für den Frieden e.V.,"Gedenken zum Volkstrauertag am Denkmal + Friedenslinde""","Denkmal des unbekannten Wehrmachtsdeserteur, Petersberg",2013-11-17 00:00:00,15.00 - 16.00
,,,,,,
177,2013-10-23 00:00:00,"Vereinte Dienstleistungsgewerkschaft, Fachbereich Handel",Tarifauseinandersetzung im Einzelhandel - Streikkundgebung,vor Anger 1,2013-10-25 00:00:00,10.00 - 11.00
178,2013-11-01 00:00:00,Einzelperson,"Solidarität mit Flüchtlingen in Greiz, Hamburg und überall - ""Dublin II"" abschaffen",Willy-Brandt-Platz (Auftaktkundgebung) à Bahnhofstraße à Anger (Zwischenkundgebung) à Schlösserstraße à Fischmarkt (Zwischenkundgebung) à Marktstraße à Domplatz (Abschlusskundgebung),2013-11-08 00:00:00,16.30 - 19.30
179,2013-11-05 00:00:00,Vereinte Dienstleistungsgewerkschaft,Weihnachtsgeld im Einzelhandel,"Talstraße, Höhe Hofzufahrt Berufsschule",2013-11-13 00:00:00,07.30 - 13.30
180,2013-11-07 00:00:00,Schulförderverein der Regelschule Steigerblick,"Schulnetzplanung, Anhörung Bildungsausschuss","vorzugsweise Fischmarkt, Umfeld, Rathaus, Sparkasse",2013-11-13 00:00:00,16.00 - 18.00
,,,,,,
181,2013-11-07 00:00:00,Schulförderverein der Regelschule Steigerblick,Schulnetzplanung - Stadtratssitzung,"Umfeld Rathaus, Benediktsplatz",2013-12-18 00:00:00,16.00 - 18.00
,,,,,,
,,,,,,
,,am 16.12.13 abgesagt,,,,
182,2013-11-08 00:00:00,Arbeitsgemeinschaft bäuerliche Landwirtschaft Thüringen,Anregung der Synodale zur kritischen Hinterfragung der Verpachtung von kircheneigenem Land,vor der Michaeliskirche,2013-11-21 00:00:00,09.00 - 13.00
183,2013-11-12 00:00:00,Heimatverein Alach e.V.,Kranzniederlegung,Friedhof Alach,2013-11-17 00:00:00,ab 13.00
,,,,,,
184,2013-11-18 00:00:00,"Vereinte Dienstleistungsgewerkschaft, Fachbereich Handel","Einzelhandelstarifrunde, Erhalt des Ladenöffnungsgesetztes","Eingang Landtag, Jürgen-Fuchs-Straße",2013-11-22 00:00:00,08.00 - 10.00
185,2013-11-21 00:00:00,Freundeskreis Willy Brandt im Erfurter Hof e.V.,Kundgebung zu Ehren des 100. Geburtstages von Willy Brandt,"Willy-Brandt-Platz, Erfurt",2013-12-18 00:00:00,17.00 - 18.00
186,2013-11-25 00:00:00,"Vereinte Dienstleistungsgewerkschaft, Fachbereich Handel",Tarifrunde Einzelhandel - Streikversammlung,Parkplatzausgang Schillerstraße 44 àHeinrich-Mann-Straße à Löberstraße à J.-G.-Ring à Neuwerkstraße à Anger (Zwischenkundgebung Lutherdenkmal) à und zurück,2013-11-29 00:00:00,10.00 - 13.00
187,2013-11-25 00:00:00,Kulturverein Mesopotamien e.V.,"Menschenrechtslage in Syrien und Unterschriftenkampagne ""Freiheit für Öcalan, Frieden in Kurdistan",Willy-Brandt-Platz,2013-11-30 00:00:00,12.00 - 15.30
188,2013-11-28 00:00:00,"Bürgerinitiative ""Kein Energiespeicher am Rennsteig e.V.""","""Kein Energiespeicher am Rennsteig""",vor dem Landtag,2013-12-03 00:00:00,09.30 - 10.00
189,2013-11-30 00:00:00,Konferenz Thüringer Studierendenschaften,Bildung braucht Zukunft. Hochschulentwicklung finanzieren-aber richtig !,"Willy-Brandt-Platz, Schmidtstedter Straße, Bahnhofstraße, Schillerstraße, Arnstädter Straße, Johann-Sebastian-Bach-straße, Mozartallee Werner Seelenbinder -Straße ",2013-12-11 00:00:00,13:00 -17:00
190,2013-12-12 00:00:00,Einzelperson,Gegen die Diktatur in der Ukraine,Willy-Brandt-Platz,2013-12-15 00:00:00,12.00 - 15.00
191,2013-12-12 00:00:00,Einzelperson,Für einen Winterabschiebestopp für Roma - Menschlichkeit tut Not,"vor dem Thüringer Landtag, auf der Seite des Plenarsaal und Glastüreingang (Jürgen-Fuchs-Straße), von der oberhalb begrenzenden Straße bis zur unteren Ecke des Plenarsaales, gesamte Freifläche inkl. Parkplätze",2013-12-18 00:00:00,10.45 - 13.30
192,2013-12-18 00:00:00,Studierendenrat der Fachhochschule Erfurt,Erhalt des Semestertickets,Fischmarkt,2013-12-19 00:00:00,10.00 - 11.30
193,2013-12-19 00:00:00,Einzelperson,Gegen die Diktatur in der Ukraine,Willy-Brandt-Platz,2013-12-22 00:00:00,12.00 - 14.00
194,2013-12-23 00:00:00,Einzelperson,Todesfall Elefant Akili,Am Zoopark Nähe Haupteingang,2013-12-28 00:00:00,14:00 -19:30
