Datum von,Ort (ausschließlich Dresden),Thema,Teilnehmerzahl Anmeldung
2022-01-01,Neumarkt,Wir sprechen alle Menschen an - Befürworter und Kritiker der aktuellen Coronapolitik,10
2022-01-03,Rathausplatz,Dresden zum sicheren Hafen! Gemeinsam für sichere Fluchtwege,10
2022-01-03,Pieschener Allee - B6 - Bautzen,Autokorso - Impfaufklärung,150
2022-01-06,Neumarkt,"Lichter für die Freiheit; Für
Versammlungsfreiheit und Selbstbestimmung",100
2022-01-08,Neumarkt,Mit Anstand und Abstand optimistisch ins Neue Jahr,10
2022-01-09,HbF - Schillerplatz,Wir lassen uns nicht spalten,300
2022-01-10,Rathaus ,Am 13.02. Täter*innenspuren suchen statt Opfermythen pflegen ,10
2022-01-10,Pieschener Allee - Dresdner Straße,Autokorso für eine lautstarke Impfaufklärung und gegen die 2G-Apartheit,150
2022-01-12,Wigardstraße,Lage der geschlossenen Kosmetikstudios und die erschwer ten Bedingungen durch 2G in den Salons,10
2022-01-17,Leipziger/ Lommatzscher Str.,Gegen Querdenker_innen und Verschwörungsideolog_innen,30
2022-01-17,Pieschener Allee - Tierpark Meißen,Autokorso für eine lautstarke Impfaufklärung und gegen die 2G-Apartheit,150
2022-01-20,Vorplatz am Alten Leipziger Bahnhof,Kundgebung anlässlich des 80. Jahrestages des Beginns der Deportation Dresdner Juden in die Vernichtungslager der Nazis,1000
2022-01-24,Schillerplatz,Mahnwache für Vernunft und Solidarität,200
2022-01-24,Pieschener Allee - Radeberg - Flughafen Dresden,Autokorso für eine lautstarke Impfaufklärung und gegen die 2G-Apartheit,150
2022-01-27,Messering,Versorgungsnotstand abwenden! Nein zur Impfpflicht,50
2022-01-31,Kieler Straße ,Mit Vernunft und Solidarität gemeinsam aus der Krise ,30
2022-01-31,Pieschener Allee - Freital - Weißeritzstr.,Autokorso für eine lautstarke Impfaufklärung und gegen die 2G-Apartheit,150
2022-01-31,Mickten,"Demonstratio für Frieden, Freiheit & Demokratie",300
2022-01-31,Wiener Platz,Ihr klaut uns unsere Jugend - Corona Maßnamen beenden,20
2022-01-31,Albertplatz,Zusammen trotz Covid,30
2022-02-01,Wilder Mann,Trachau braucht keine Querdenker!,30
2022-02-02,Albertplatz - Alaunpark - Albertplatz,"Stoppt den Bombenkrieg der Türkei! Den Chemiewaffeneinsatz aufklären und ächten! Hände weg von Rojava, Sengal und Mexmur!",50
2022-02-04,Altmarkt - Hauptstraße - Altmarkt,Gesundheitswesen zeigt Gesicht für eine  Freie Impfentscheidung,900
2022-02-05,Kronstädter Platz - Leubener Str.,Laubegast demokratisch bunt,100
2022-02-07,Dresden - Bad Schandau,Autokorso für eine lautstarke Impfaufklärung und gegen die 2G-Apartheit,200
2022-02-07,Albertplatz,Zusammen trotz Covid - open mic ,100
2022-02-08,Wilder Mann,Trachau braucht keine Querdenker Aufmärsche!,20
2022-02-11,Altmarkt - Hauptstraße - Sachsenplatz - Altmarkt,Gesundheitswesen zeigt Gesicht für eine freie Impfentscheidung,2000
2022-02-11,Jorge-Gomondai-Platz,Querfaschos raus aus der Neustadt,50
2022-02-13,Schlesischer Platz,Im Gedenken an die Opfer des Nationalsozialismus,350
2022-02-13,Nürnberger Str.,Demonstration gegen Geschichtsrevisionismus,250
2022-02-13,Altmarkt,Menschenkette zum Gedenken,1000
2022-02-13,HBF ,"Gemeinsam gegen Rassismus und Sozialabbau, Nazis und Rassisten den Boden entziehen",10
2022-02-13,Kulturpalast,Gedenken zur Bombardierung Dresdens am 13.02.1945,20
2022-02-13,Pfotenhauer Straße - Rietschelstraße,Rollenbilder im Nationalsozialismus,n.b.
2022-02-13,Neumarkt,"Ihr seid nicht für das verantwortlich, was geschah. Aber dass es nicht wieder geschieht, dafür schon",50
2022-02-13,Hasenburg - Neumarkt,"Dresdner Gedenkweg - unterwegs zur
Versöhnung -13. Februar",200
2022-02-13,Jüdenhof - Neumarkt,25. Dresdner Friedenslauf,15
2022-02-13,Postplatz,Friedliches Gedenken an die Opfer von Krieg und Faschismus anlässlich des 13.Februar,50
2022-02-13,Friedrich List Platz,Gegen den Opfermythos - Dresden Nazifrei,200
2022-02-13,Bahnhof Mitte - Theatherplatz - Postplatz - Bahnhof Mitte,Vergesst niemals Dresden! Gedenken zu Ehren der Dresdner Luftkriegstoten des 13. Februar 1945. Dresden-Gedenken 2022,500
2022-02-13,Altnickern,"Kein Platz für Nazis, weg mit dem Opfermythos",20
2022-02-13,Altmarkt,Im Gedenken an die Opfer - Täter*innen entlarven - Verantwortung übernehmen,1000
2022-02-13,Rathausplatz,Tu was gegen rechts - Demokratie stärken,20
2022-02-13,Neumarkt,Stilles Gedenken vor der Frauenkirche Dresden - wahrhaftig erinnern - versöhnt leben´,n.b.
2022-02-13,Wettiner Platz,Revolutione Calzone - Pizza gegen Nazis,300
2022-02-13,Ammonstraße,B173? - Ein schlechtes Pflaster für Nazis,500
2022-02-13,Kreuzkirche,Mahnwache zur Erinnerung an die Holocaustopfer der Stadt Dresden 1933 bis 1945,4
2022-02-13,"Wiener Platz, Zwischen Kino und HBF",Auch Gedenken braucht Vernunft und Solidarität,300
2022-02-13,Altmarkt,Gedenken 13. Februar,100
2022-02-13,Schützenplatz,Kein Platz für Nazis!,30
2022-02-14,Dresden - Kreischa,Autokorso für eine lautstarke Impfaufklärung und gegen die 2G-Apartheit,n.b.
2022-02-14,Lingnerallee,Ihr klaut uns unsere Jugend - Corona Maßnamen beenden,20
2022-02-18,Altmarkt - Wiegardstraße,Gesundheitswesen zeigt Gesicht für eine freie Impfentscheidung,2000
2022-02-18,Neustädter Markt,Solidarität statt Verschwörungsideologie,30
2022-02-19,Augustusbrücke,Kein Stören des Hanaugedenkens durch Querdenker,50
2022-02-19,Alter Straßenbahnhof Mickten - Altmarkt,Keinen Spaziergang den Schwurblern - Faschist*innen entgegenstellen,50
2022-02-19,Wilsdruffer Straße - Wiener Platz - Wilsdruffer Str.,Demonstration für eine freie Impfentscheidung,4000
2022-02-19,Leipziger Str.-Augustusbrücke-Schlossstr.,"Zubringer zur Demo Altmarkt: Spaziergang für Frieden, Freiheit ….",200
2022-02-20,Neumarkt,"Respektvoller, offener Dialog miteinander statt übereinander",20
2022-02-21,Dresden - Kreischa,Autokorso für eine lautstarke Impfaufklärung und gegen die 2G-Apartheit,n.b.
2022-02-21,Leipziger Str. - Großenhainer Str. - Leipziger Str.,"Spaziergang für Frieden, Freiheit & Selbstbestimmung",250
2022-02-21,Prager Str.-Seestr.-Lennestr.-Gpnzstr.-Albertbrücke-Terassenufer-Wilsdruffer Str.-Kreuzstr.-Pragerstr.,"Hop, hop, Schwurbelstopp!",40
2022-02-22,Endhaltestelle Wilder Mann,Trachau hat kein Bock auf nervige Querfaschos!,20
2022-02-24,Neumarkt,Solidaritätskundgebung für die Ukraine,1000
2022-02-24,Jorge-Gomondai-Platz - Neumarkt,Für Frieden in Osteuropa - Solidarität mit der ukrainischen Bevölkerung,150
2022-02-24,Prager Str. ,"Gegen den ungerechten Krieg um die Ukraine. Aktiver Widerstand! Gegen jede imperialistische Aggression, egal ob USA/NATO oder Russland! ",10
2022-02-25,Altmarkt - Wiegardstraße - Altmarkt,Gesundheitswesen zeigt Gesicht für eine freie Impfentscheidung,2000
2022-02-26,Pieschener Allee - Wiener Platz,Europe for Freedom Infotour #w2702,20
2022-02-26,Salzgäßchen,"Gegen Krieg, gegen die Aggressionen von Russland und NATO",60
2022-02-26,Albertplatz,Stoppt die gefährliche Kriegstreiberei ausgehend von USA/NATO! Gegen jede imperialistische Aggression- ob USA/NATO oder Russland,20
2022-02-27,Neumarkt,Solidarität mit der Ukraine,1000
2022-02-28,Parkanlage Weißer Hirsch,Haltung zeigen Weißer Hirsch,200
2022-02-28,Jorge-Gomondai-Platz ,Mahnwache für Frieden Dresden,n.b.
2022-02-28,Schillerplatz,Kein Platz für Egoismus und Hass in unserer Gesellschaft,30
2022-02-28,Dresden - Klipphausen,Autokorso für eine lautstarke Impfaufklärung und gegen die 2G-Apartheit,200
2022-02-28,Leipziger Str. - Markusstraße - Bunsenstr. - Leipziger Str.,"Spaziergang für Frieden, Freiheit & Selbstbestimmung",200
2022-03-01,Endhaltestelle Wilder Mann,Kein Mensch braucht Quergida,20
2022-03-04,Altmarkt - Augustusbrücke - Carolaplatz - Albertbrücke - Straßburger Platz - Altmarkt ,Gesundheitswesen zeigt Gesicht für eine freie Impfentscheidung,2000
2022-03-04,Neustädter Markt,Solidarische Herdenimmunität,30
2022-03-05,Altmarkt,Gesund ohne Zwang 2G und Impfzwang beenden,1000
2022-03-05,Neumarkt,Omas gegen Rechts,15
2022-03-06,Neumarkt,Solidarität mit der Ukraine,1000
2022-03-07,Dresden - Radeberg,Autokorso für eine lautstarke Impfaufklärung und gegen die 2G-Apartheit,200
2022-03-07,Leipziger Str. - Markusstraße - Bunsenstr. - Leipziger Str.,"Spaziergang für Frieden, Freiheit & Selbstbestimmung",200
2022-03-07,Wiener Platz/Prager Straße/Globetrotter/Lennestraße/Güntzstraße/Terrassenufer/Wilsdruffer Straße/Kreuzstraße,"Hop, hop, Schwurbelstopp! Gegen selbstermächtigende Querschwurbler",100
2022-03-08,Endhaltestelle Wilder Mann,Kein Platz für Querdenker und Verschrörungstheorien in Trachau,20
2022-03-11,Neumarkt - Wiener Platz - Neumarkt,Gesundheitswesen zeigt Gesicht für eine freie Impfentscheidung,2000
2022-03-11,Neumarkt,"Frieden in Europa, Frieden weltweit",20
2022-03-12,Kronstädter Platz - Kirchplatz - Kronstädter Platz ,Laubegast demokratisch bunt,250
2022-03-12,Schlesischer Platz - Alaunplatz - Königsbrücker Platz,Alerta Queerfeminista - Zusammen gegen das Patriarchat,100
2022-03-13,Neumarkt,Solidarität mit der Ukraine,1000
2022-03-14,Wiener Platz/Prager Straße/Pirnaischer Platz,"Hop, hop, Schwurbelstopp! Gegen selbstermächtigende Querschwurbler",100
2022-03-14,Pfaffendorfer Straße ,Friedliche Nachbarschaft braucht Bildung und Gesundheit,15
2022-03-14,Dresden - Sebnitz,Autokorso für eine lautstarke Impfaufklärung und gegen die 2G-Apartheit,200
2022-03-14,Leipziger Str. - Rietzstr. - Winterstr. - Leipziger Str.,"Demo für Frieden, Freiheit & Selbstbestimmung",200
2022-03-15,Haltestelle Dorothea-Erxlen-Str.,Kein Platz für Querdenker und Verschrörungstheorien in Trachau,20
2022-03-18,Neumarkt - Wiener Platz - Neumarkt,Gesundheitswesen zeigt Gesicht für eine freie Impfentscheidung,2000
2022-03-19,Dresden/Wilsdruff/Bannewitz zum Volksfestgelände,Sternfahrt als Protestaktion gegen die eplodierenden Spritpreise,100
2022-03-20,Altmarkt - Albertbrücke - Carolabrücke - Altmarkt,"Demonstration für eine freie Impfentscheidung, die Wiederherstellung der Menschenrechte und des Ende der Corona Maßnahmen",4000
2022-03-20,Neumarkt,Solidarität mit der Ukraine,1000
2022-03-21,Wilsdruffer Straße  ,"Hop, hop, Schwurbelstopp!",40
2022-03-21,Dresden/Pieschener Allee - Bad Schandau,Autokorso für eine lautstarke Impfaufklärung und gegen die 2G-Apartheit,200
2022-03-21,Leipziger Str. - Bürgerstr. - Leipziger Str.,"Demo für Frieden, Freiheit & Selbstbestimmung",200
2022-03-22,Neumarkt - Pirnaischer Platz - Altmarkt - Neumarkt,Grundgesetz und Demokratie schützen,1000
2022-03-22,Endhaltestelle Wilder Mann,Kein Platz für Querdenker und Verschrörungstheorien in Trachau,20
2022-03-22,Neumarkt,Nationalismus raus aus den Köpfen,400
2022-03-22,Neumarkt - Wildsdruffer Str. - Neumarkt,Nationalismus raus aus den Köpfen,200
2022-03-25,Neumarkt - Wiener Platz - Neumarkt,Gesundheitswesen zeigt Gesicht für eine freie Impfentscheidung,2000
2022-03-26,Leisniger Platz - Bürgerstraße - Leisniger Platz,Antifaschstische Stadtteil - Demostration gegen Querdenker/Nazis in Dresden,100
2022-03-27,Neumarkt,Solidarität mit der Ukraine,1000
2022-03-28,Dresden/Pieschener Allee - Dippolsdiswalde,Autokorso für eine lautstarke Impfaufklärung und gegen die 2G-Apartheit,150
2022-03-28,Leipziger Str. - Bürgerstr. - Trachauer Str. - Leipziger Str.,"Demo für Frieden, Freiheit & Selbstbestimmung",200
2022-03-28,Lennestr. - Neumarkt - Lennestraße,"Frieden, freie Impfentscheidung",750
2022-03-29,Endhaltestelle Wilder Mann,Kein Platz für Querdenker und Verschrörungstheorien in Trachau,20
2022-04-01,Altmarkt - Carolabrücke - Marienbrücke - Altmarkt,Gesundheitswesen zeigt Gesicht für eine freie Impfentscheidung,2000
2022-04-04,Dresden/Pieschener Allee - Lingnerallee,Autokorso für eine lautstarke Impfaufklärung und gegen die 2G-Apartheit,200
2022-04-04,Leipziger Str. - Seumestraße - Leisniger Platz - Leipziger Str.,"Demo für Frieden, Freiheit & Selbstbestimmung",150
2022-04-04,Lingnerallee - Rathenauplatz - Pirnischer Platz - Neumarkt - Straßburger Platz Lennestraße,"Frieden, freie Impfentscheidung, mehr Dialog um gesellschaftliche Spaltung zu überwinden",750
2022-04-08,Altmarkt - Carolabrücke - Marienbrücke - Altmarkt,Gesundheitswesen zeigt Gesicht für eine freie Impfentscheidung,2000
2022-04-09,Albrechtplatz,Seit Corona ist der Drogenkonsum in Sachsen stark gestiegen! -  Wir tun etwas dagegegen!,20
2022-04-10,Neumarkt - Pirnaischer Platz - Altmarkt - Neumarkt,Grundgesetz und Demokratie schützen,1000
2022-04-10,Alaunplatz-Augustusbrücke-Altmarkt,Fight Pegida everyday,200
2022-04-10,Wasaplatz-Altmarkt,Sie sind wieder da … wir sind mehr!,60
2022-04-10,Altmarkt,Nationalismus raus aus den Köpfen,800
2022-04-10,Neumarkt - Wildsdruffer Str. - Neumarkt,Nationalismus raus aus den Köpfen,800
2022-04-11,Wilsdruffer Straße  ,"Hop, hop, Schwurbelstopp!",20
2022-04-11,Dresden/Pieschener Allee - n.b.,Autokorso für eine lautstarke Impfaufklärung und gegen die 2G-Apartheit,200
2022-04-11,Leipziger Str. - Seumestraße - Leisniger Platz - Leipziger Str.,"Demo für Frieden, Freiheit & Selbstbestimmung",150
2022-04-11,Lingnerallee - Rathenauplatz - Pirnischer Platz - Neumarkt - Straßburger Platz Lennestraße,"Frieden, freie Impfentscheidung, mehr Dialog um gesellschaftliche Spaltung zu überwinden",750
2022-04-13,Pfotenhauerstraße - Arnoldstr.,Für Demokratie. Für Solidarität,1500
2022-04-14,Dresden/Pieschener Allee - Dippolsdiswalde,Autokorso für eine lautstarke Impfaufklärung und gegen die 2G-Apartheit,300
2022-04-15,Neumarkt - Wiener Platz - Neumarkt,Gesundheitswesen zeigt Gesicht für eine freie Impfentscheidung,2000
2022-04-18,Dresden/Pieschener Allee - n.b.,Autokorso für eine lautstarke Impfaufklärung und gegen die 2G-Apartheit,200
2022-04-18,Königsbrücker Str. 88,Kein Platz für Quergida!,30
2022-04-18,Olbrichtplatz - LDS - Rathaus,Ostermarsch 2022,300
2022-04-18,Lingnerallee - Hbf - Feldgasse - Georgplatz - Lenneplatz,"Frieden, freie Impfentscheidung, mehr Dialog um gesellschaftliche Spaltung zu überwinden",500
2022-04-18,Lingnerallee - Wasaplatz - Richard-Strauss-Platz - Lenneplatz,"Frieden, freie Impfentscheidung, mehr Dialog um gesellschaftliche Spaltung zu überwinden",500
2022-04-22,Altmarkt - Friedrichstadt - Altmarkt,Gesundheitswesen zeigt Gesicht für eine freie Impfentscheidung,2000
2022-04-23,Hbf - Altmarkt - Albertplatz,No War - Krieg in Südkurdistan,100
2022-04-25,Dresden/Pieschener Allee - Radeberg,Autokorso für eine lautstarke Impfaufklärung und gegen die 2G-Apartheit,140
2022-04-29,Postplatz - Wiener Platz - Rathausplatz - Postplatz,Gesundheitswesen zeigt Gesicht für eine freie Impfentscheidung,2000
2022-04-30,Theatherplatz,Solidarität mit den Menschen in der Ukraine!,100
2022-04-30,Theatherplatz - Pirnaischer Platz - Carolabrücke - Augustusbrücke - Theaterplatz,"Weltfrieden, kein Krieg in Europa, Völkerverständigung, keine Propaganda in den Schulen",200
2022-04-30,Theatherplatz - Rathausplatz - Theatherplatz,Solidarität mit der Ukraine,200
2022-05-01,Theatherplatz,Auftakt OB-Wahl,300
2022-05-02,Dresden/Pieschener Allee - n.b.,Autokorso für eine lautstarke Impfaufklärung und gegen die 2G-Apartheit,200
2022-05-02,Carolabrücke,Pop-up-Radweg: Lückenschluss Carolabrücke,n.b.
2022-05-02,Lennestraße - Striesener Str. - ReißigerStraße - Lennestraße,"Frieden, freie Impfentscheidung, mehr Dialog um gesellschaftliche Spaltung zu überwinden",500
2022-05-03,Carolabrücke,Pop-up-Radweg: Lückenschluss Carolabrücke,n.b.
2022-05-06,Postplatz -  Pirnaische Platz - Carolabrücke- Marienbrücke - Postplatz,Gesundheitswesen zeigt Gesicht für eine freie Impfentscheidung,2000
2022-05-08,Theaterplatz,Nie wieder Faschismus! Nie wieder Krieg!,1000
2022-05-09,Dresden/Pieschener Allee - Pirna,Autokorso für eine freie Impfentscheidung und die Wiederherstellung aller Grundrechte,200
2022-05-09,Lennestraße - Altmarkt - Prager Str. - Bürgerwiese -Lennestraße,"Frieden, freie Impfentscheidung, mehr Dialog um gesellschaftliche Spaltung zu überwinden",500
2022-05-13,Postplatz - Budapester Straße - Wiener Platz - Georgplatz - Postplatz ,Gesundheitswesen zeigt Gesicht für eine freie Impfentscheidung,2000
2022-05-16,Dresden/Pieschener Allee - n.b.,Autokorso für eine lautstarke Impfaufklärung und gegen die 2G-Apartheit,200
2022-05-16,Lennestraße - Terrassenufer - Wilsdruffer Str. - Lennestraße,"Frieden, freie Impfentscheidung, mehr Dialog um gesellschaftliche Spaltung zu überwinden",300
2022-05-18,Bautzner Str. - Radeberger Str.,Es lebe die Ukraine!,150
2022-05-20,Postplatz - Friedrichstraße - Könneritzstraße - Annenstraße - Postplatz ,Gesundheitswesen zeigt Gesicht für eine freie Impfentscheidung,2000
2022-05-20,Postplatz,Freie Sachsen unterstützen den Protest gegen die Impfpflicht!,20
2022-05-20,Kochstr. - Schenkendorfstraße,Späti Tour: Solidarität mit den Leipziger Spätverkäufen für eine Flexibilisierung der Ladenöffnungen,25
2022-05-21,Neumarkt,Fight for solidarity - Stoppt die Kriminalisierung von Flucht und Seenotrettung ,20
2022-05-21,Helmut-Schön-Allee,Keine Show für Täter,50
2022-05-22,Postplatz - Theaterplatz – Rathenauplatz – Postplatz,Solidarität mit der Ukraine,500
2022-05-23,Prager Straße,Demo für eine freie Impfentscheidung und die Wiederherstellung der Grundrechte,150
2022-05-23,Lennestraße - n.b.,Geradedenken,60
2022-05-23,Lennestraße - Hbf - Lenneplatz - Lennestraße,"Frieden, freie Impfentscheidung, mehr Dialog um gesellschaftliche Spaltung zu überwinden",300
2022-05-27,Postplatz - Carolabrücke - Marienbrücke - Postplatz,Gesundheitswesen zeigt Gesicht für eine freie Impfentscheidung,2000
2022-05-30,Dresden/Pieschener Allee - n.b.,Autokorso für eine lautstarke Impfaufklärung und gegen die 2G-Apartheit,200
2022-05-30,Lennestraße - Fritz-Löffler-Platz - Franklinstr. - Lennestraße,"Frieden, freie Impfentscheidung, mehr Dialog um gesellschaftliche Spaltung zu überwinden",300
2022-06-03,Neumarkt - Wiener Platz - Neumarkt,Gesundheitswesen zeigt Gesicht für eine freie Impfentscheidung,2000
2022-06-05,Neumarkt - Pirnaischer Platz - Theaterplatz - Neumarkt,Solidarität mit der Ukraine,500
2022-06-06,Dresden/Pieschener Allee - n.b.,Autokorso für eine lautstarke Impfaufklärung und gegen die 2G-Apartheit,200
2022-06-06,Lennestraße - Prager Str. - Rathausplatz - Lennestraße,"Frieden, freie Impfentscheidung, mehr Dialog um gesellschaftliche Spaltung zu überwinden",300
2022-06-07,Schillerplatz,Stoppt den fossilen Wahnsinn!,12
2022-06-09,Neustädter Markt ,Versammlung für freie Wahlen mit legalen Kandidaten,100
2022-06-10,Theatherplatz - Neumarkt - Terassenufer - Postplatz,Gesundheitswesen zeigt Gesicht für eine freie Impfentscheidung,2000
2022-06-10,Jacob-Winter-Platz ,ENERGIEPREISSTOPP JETZT,20
2022-06-11,auf der Elbe von Kleinschachwitz bis Übigau,kritisches hinterfragen zur Obermeisterwahl Dresden,36
2022-06-13,Dresden/Pieschener Allee - Waldschlößchenbrücke - Radeberg,Autokorso für eine lautstarke Impfaufklärung und gegen die 2G-Apartheit,200
2022-06-13,Lennestraße - Prager Str. - Rathausplatz - Lennestraße,"Frieden, freie Impfentscheidung, mehr Dialog um gesellschaftliche Spaltung zu überwinden",300
2022-06-17,Postplatz - Annenstraße - Rathausplatz - Neumarkt - Postplatz,Gesundheitswesen zeigt Gesicht für eine freie Impfentscheidung,2000
2022-06-18,Neumarkt - Wilsdruffer Str. - Postplatz - Budapester Str. - Postplatz - Neumarkt,"Demo für Frieden, Freiheit und eine freie Impfentscheidung",3000
2022-06-18,Postplatz - Dippoldiswalder Platz - Fritz-Löffler- Platz - HBF - Pirnaischer Platz,Querdenken die Straßen nehmen,100
2022-06-20,Dresden/Pieschener Allee - n.b.,Autokorso für eine lautstarke Impfaufklärung und gegen die 2G-Apartheit,200
2022-06-20,Lennestraße - Prager Str. - Rathausplatz - Lennestraße,"Frieden, freie Impfentscheidung, mehr Dialog um gesellschaftliche Spaltung zu überwinden",300
2022-06-24,Postplatz - Pirnaischer Platz - HBF - Postplatz,Gesundheitswesen zeigt Gesicht für eine freie Impfentscheidung,2000
2022-06-24,St. Petersburger Str.,Stoppt den fossilen Wahnsinn!,21
2022-06-26,Neumarkt - Pirnaischer Platz - Dr. Külz Ring - Postplatz - Neumarkt,Solidarität mit der Ukraine,300
2022-06-27,Neumarkt,Stop it!,200
2022-06-27,Dresden/Pieschener Allee - n.b.,Autokorso für eine lautstarke Impfaufklärung und gegen die 2G-Apartheit,200
2022-06-27,Neumarkt,Demo für eine freie Impfentscheidung und die Wiederherstellung der Grundrechte,500
2022-06-27,Lennestraße - Neumarkt - Pirnaischer Platz - Lennestraße,"Frieden, freie Impfentscheidung, mehr Dialog um gesellschaftliche Spaltung zu überwinden",300
2022-07-01,Postplatz -Brühlsche Terrasse - Georgplatz - Sternplatz - Postplatz,Gesundheitswesen zeigt Gesicht für eine freie Impfentscheidung,2000
2022-07-01,Karlsruher Str.,Waffeln statt Waffen,10
2022-07-04,Alaunpark - Bautzner Straße - Albertbrücke - Neumarkt,Dresden braucht Veränderung,200
2022-07-04,Lennestraße - Pirnaischer Platz - Rathausplatz - St. Petersburger Straße - Parkstraße - Lennestraße,"Frieden, freie Impfentscheidung, mehr Dialog um gesellschaftliche Spaltung zu überwinden",300
2022-07-08,Postplatz - Neumarkt - Augustusbrücke - Marienbrücke - Theaterplatz - Postplatz,Gesundheitswesen zeigt Gesicht für eine freie Impfentscheidung,2000
2022-07-08,Postplatz - Neumarkt - Theaterplatz -Augustusbrücke - Marienbrücke - Postplatz,Gesundheitswesen zeigt Gesicht für eine freie Impfentscheidung,1000
2022-07-09,Neumarkt,Solidaritätskundgebung für die Ukraine,300
2022-07-09,Alaunpark - Bautzner Straße - Königsbrücker Str. - Alaunpark,Diversity & Tolerance - für eine BUNTE Neustadt,50
2022-07-11,Dresden/Pieschener Allee - Bad Schandau,Autokorso für eine freie Impfentscheidung ,100
2022-07-11,Bautzner Straße,Stoppt den fossilen Wahnsinn!,21
2022-07-11,Lennestraße - Fetscherplatz - Stübelallee - Lennestraße,"Frieden, freie Impfentscheidung, mehr Dialog um gesellschaftliche Spaltung zu überwinden",300
2022-07-11,Alaunplatz - Albertbrücke - Rathausvorplatz,Stop it!,200
2022-07-13,Bernhard-von-Lindenau-Platz,Diplomaten statt Granaten,3
2022-07-13,vor dem Landtag,Forderung von Gemeinwohlverpachtung der sächsischen Landwirtschaftsflächen,30
2022-07-14,Landtag,Klimaschutz und Energiesouveränität,15
2022-07-14,Jorge-Gomondai-Platz,Internationaler Tag der nichtbinären Menschen,40
2022-07-15,Postplatz - Wiener Platz -  Pirnaischer Platz - Postplatz ,Gesundheitswesen zeigt Gesicht für eine freie Impfentscheidung,2000
2022-07-18,Lennestraße - Pirnaischer Platz - Neumarkt - Pirnaischer Platz - Lennestraße,"Frieden, freie Impfentscheidung, mehr Dialog um gesellschaftliche Spaltung zu überwinden",300
2022-07-22,Postplatz - Marienbrücke - Augustusbrücke - Postplatz,Gesundheitswesen zeigt Gesicht für eine freie Impfentscheidung,2000
2022-07-23,Conertplatz - Kesselsdorfer Str. - Löbtau Passage - Conertplatz,Löbtau bleibt links - Kein Viertel für Nazis,250
2022-07-23,Schlossplatz  - Schießgasse - Postplatz - Schlossplatz,Solidarität mit der Ukraine,500
2022-07-24,Schlesischer Platz - A4 - Alaunplatz,Stoppt den Ausbau der A4! Sozial-ökologische Verkehrswende jetzt!,400
2022-07-25,Lennestraße - Pirnaischer Platz - Neumarkt - Pirnaischer Platz - Lennestraße,"Frieden, freie Impfentscheidung, mehr Dialog um gesellschaftliche Spaltung zu überwinden",300
2022-07-28,Hammerweg,Unsere Solidarität gegen politischen Verrat,50
2022-07-29,Postplatz - Pirnaischer Platz - HBF - Postplatz,Gesundheitswesen zeigt Gesicht für eine freie Impfentscheidung,2000
2022-08-01,Lingnerallee - Comeniusplatz - Lingnerallee,"Frieden, freie Impfentscheidung, mehr Dialog um gesellschaftliche Spaltung zu überwinden",250
2022-08-03,Hammerweg,Unsere Solidarität gegen politischen Verrat,50
2022-08-04,Hammerweg,Unsere Solidarität gegen politischen Verrat,50
2022-08-05,Hammerweg,Unsere Solidarität gegen politischen Verrat,50
2022-08-05,Postplatz - Neumarkt  - Wiener Platz - Postplatz,Gesundheitswesen zeigt Gesicht für eine freie Impfentscheidung,500
2022-08-08,Lingnerallee - Theaterplatz - Lingnerallee,"Frieden, freie Impfentscheidung, mehr Dialog um gesellschaftliche Spaltung zu überwinden",300
2022-08-08,Helmut-Schön-Allee/Ecke Lennéstraße ,Freie Sachsen unterstützen den Montagsprotest in Dresden,10
2022-08-12,Postplatz - Neumarkt  - Carolabrücke - Augustusbrücke - Postplatz,Gesundheitswesen zeigt Gesicht für eine freie Impfentscheidung,500
2022-08-13,Schlossplatz  - Wilsdruffer Str. - Dr.-Külz-Ring - Schlossplatz,Solidarität mit der Ukraine,500
2022-08-15,Lingnerallee - Prager Straße - Lingnerallee,"Frieden, freie Impfentscheidung, mehr Dialog um gesellschaftliche Spaltung zu überwinden",300
2022-08-15,Pirnaischer Platz,#DontForgetAfghanistan,100
2022-08-18,Strehlener Platz ,78. Jahrestag der Ermordung Ernst Thälmann,20
2022-08-19,Seestraße - Carolabrücke - Marienbrücke - Postplatz - Seestraße,Gesundheitswesen zeigt Gesicht für eine freie Impfentscheidung,n.b.
2022-08-22,Wilsdruffer Str. - Pirnaischer Platz - Großer Garten,Fight them ,100
2022-08-22,Lingnerallee - Prager Straße - Lingnerallee,"Frieden, freie Impfentscheidung, mehr Dialog um gesellschaftliche Spaltung zu überwinden",350
2022-08-24,Schlossplatz  - Wilsdruffer Str. - Dr.-Külz-Ring - Schlossplatz,Solidarität mit der Ukraine,500
2022-08-25,Neumarkt,Tier-)Babys gehören nicht auf den Grill!,10
2022-08-26,Rudolf-Leonhard-Straße unterhalb des AZ Conni,Schlimm! Stadtteilkultur retten,300
2022-08-26,Bautzner Straße,Stoppt den fossilen Wahnsinn!,30
2022-08-26,Postplatz - Rathenauplatz - Comeniusstraße - Postplatz,Gesundheitswesen zeigt Gesicht für eine freie Impfentscheidung,n.b.
2022-08-27,Neumarkt,Solidarität mit der Ukraine,n.b.
2022-08-27,Rudolf-Leonhard-Straße unterhalb des AZ Conni,Schlimm! Stadtteilkultur retten,300
2022-08-29,Lingnerallee - Prager Straße - Lingnerallee,"Frieden, freie Impfentscheidung, mehr Dialog um gesellschaftliche Spaltung zu überwinden",400
2022-08-31,Neumarkt - Theaterplatz,Wieviel Bauernsterben können wir uns noch leisten?,100
2022-09-01,Königsbrücker Str. 88,Mahnwache für einen unabhängigen öffentlich-rechtlichen Rundfung,100
2022-09-01,Große Meißner Str. 15,Gegendemo zur Klausurtagung SPD Bundestagsfraktion,50
2022-09-02,Postplatz - Prager Straße - Wiener Platz - Terassenufer - Schloßplatz - Postplatz,Gesundheitswesen zeigt Gesicht für eine freie Impfentscheidung,500
2022-09-03,HbF,Gegen Willkür bei der Bundespolizei und DB Sicherheit im Hauptbahnhof Dresden. Für transparentes und diskriminierungsfreies Polizeihandeln,30
2022-09-05,Lingnerallee - Terrasenufer - Pirnaischer Platz - Lingnerallee,"Frieden, freie Impfentscheidung, mehr Dialog um gesellschaftliche Spaltung zu überwinden",500
2022-09-05,Bayrische Str.,Fight Racism,74
2022-09-07,Rathener Str. - Schönaer Str. - Rathener Straße,Nordstream 2 sofort öffnen,100
2022-09-08,Landtag,gegen die Errichtung einer Industriemäßigen Milchviehanlage ,20
2022-09-09,Postplatz - Albertbrücke - Carolaplatz - Augustusbrücke - Postplatz,Gesundheitswesen zeigt Gesicht für eine freie Impfentscheidung,500
2022-09-12,Pieschener Allee - Pirnaischer Platz - Postplatz - Elbepark - Kulturpalast - Pieschener Allee,Autokorso für eine nachhaltige Energiepolitik und eine freie Impfentscheidung ,100
2022-09-12,Wiener Platz,End Racial Profiling,74
2022-09-12,Lingnerallee - Terrasenufer - Pirnaischer Platz - Lingnerallee,"Frieden, freie Impfentscheidung, mehr Dialog um gesellschaftliche Spaltung zu überwinden",500
2022-09-14,Rathener Str. - Försterlingstr. - Rathener Straße,Nordstream 2 sofort öffnen,150
2022-09-14,Pirnaer Landstraße 217,Rechte Mobilisierung stoppen,60
2022-09-15,Rathausplatz,Bezahlbare Energie,50
2022-09-16,Postplatz - Theatherplatz - Terrassenufer - Rathenauplatz - Postplatz,Gesundheitswesen zeigt Gesicht für eine freie Impfentscheidung,500
2022-09-16,Hamburger Str. 15,Für ein Bleiberecht von Mohammad K. - Gegen die Brutalität sächsischer Abschiebepolitiken,50
2022-09-17,Hamburger Str. 15,Bleiberecht für Mohammad K. - Gegen die Brutalität sächsischer Abschiebepolitiken,50
2022-09-19,Helmut-Schön-Allee/Ecke Lennéstraße ,Freie Sachsen unterstützen den Montagsprotest in Dresden,10
2022-09-19,Lenestraße - Wiener Platz,Rassismus tötet,74
2022-09-19,Lingnerallee - Terrasenufer - Pirnaischer Platz - Lingnerallee,"Frieden, freie Impfentscheidung, mehr Dialog um gesellschaftliche Spaltung zu überwinden",1125
2022-09-21,Landtag,Raus aus dem Bildungsnotstand,1000
2022-09-21,Rathener Str. - Försterlingstr. - Rathener Straße,Nordstream 2 sofort öffnen,150
2022-09-22,Landtag,Gesellschaftlichen Zusammenhalt sichern,500
2022-09-23,Cockerwiese - Albertbrücke - Augustusbrücke - Cockerwiese,Globaler Klimastreik,4000
2022-09-23,Postplatz - Lenneplatz - Wiener Platz - Prager Str. - Postplatz,Gesundheitswesen zeigt Gesicht für eine freie Impfentscheidung,500
2022-09-24,Alaunstraße,Menschenrechtszerstörung im Iran,30
2022-09-26,Prager Straße,"Montagsdemo für Frieden, Freiheit und Demokratie",200
2022-09-26,Rathener Str. - Försterlingstr. - Rathener Straße,Nordstream 2 sofort öffnen,100
2022-09-26,Lingnerallee - Prager Straße - Lingnerallee,"Frieden, freie Impfentscheidung, mehr Dialog um gesellschaftliche Spaltung zu überwinden",1500
2022-09-26,Kulturpalast,Wählen ohne Wahl,30
2022-09-27,Wiener Platz - Altmarkt,Gedenken an Masha Amini - in Solidarität mit den Protesten im Iran und für die Selbstbestimmung aller Frauen,50
2022-09-28,Rathener Str. - Bahnhofstr. - Rathener Straße,Demonstration für bezahlbare Energie und Frieden,150
2022-09-30,Postplatz - Lenneplatz - Wiener Platz - Prager Str. - Postplatz,Gesundheitswesen zeigt Gesicht für eine freie Impfentscheidung,500
2022-09-30,Straßburger Platz,Stoppt den fossilen Wahnsinn!,30
2022-10-01,Friedrich-List-Platz - Goldener Reiter,Für Selbstbestimmung und Freiheit,500
2022-10-01,Hochschulstraße,SAUF - Studierende bleiben liegen: Für wirkliche Freiheit von Wissenschaft,50
2022-10-01,Dr. Külz Ring,Dresden mahnt - Keinen Euro für Krieg und Zerstörung,150
2022-10-01,Friedrich-List-Platz ,Freie Sachsen unterstützen den Protest der Studenten,10
2022-10-03,Blaue Wunder,Tag der Einheit,100
2022-10-03,Schloßplatz,Unser Land zuerst,300
2022-10-03,Blaues Wunder,Haltung zeigen! Für ein Buntes Wunder,100
2022-10-03,Zschierener Bootslippe - Elbe - Uferkran Übigau,Mit dem Boot in die Freiheit / Freie Impfentscheidung,40
2022-10-03,Waldschlößchenbrücke,Haltung zeigen! Verbinden statt spalten,100
2022-10-03,Bühlau - Plattleite und zurück,Bühlau geht Montags spazieren,50
2022-10-03,Alaunplatz - Schloßplatz - Neumarkt - Schloßplatz,Faschismus bekämpfen,74
2022-10-03,Lingnerallee - Theaterplatz - Lingnerallee,"Frieden, freie Impfentscheidung, mehr Dialog um gesellschaftliche Spaltung zu überwinden",1500
2022-10-05,Rathener Strasse bis Alte Straße,Demonstration für bezahlbare Energie und Frieden,150
2022-10-06,Rathausplatz,"Bezahlbare Energie! Steuern senken, Nord-Stream II öffnen",50
2022-10-07,Postplatz - Friedrichstrasse - Ermischstrasse -Postplatz,Gesundheitswesen zeigt Gesicht für eine freie Impfentscheidung,500
2022-10-08,Theaterplatz beim Denkmal,Gegen das Taliban Regime in Afghanistan,300
2022-10-10,Bühlau - Bibliothek Bautzner Strasse - Restuarant Delizia und zurück,Bühlau geht Montags spazieren,150
2022-10-10,Lingnerallee - Neumarkt - Lingnerallee,"Frieden, freie Impfentscheidung, mehr Dialog um gesellschaftliche Spaltung zu überwinden",1500
2022-10-10,"P+R Parkplatz ""Rinne"" Messering - Pieschener Allee - Terrassenufer - Tolkewitzer Str. - 1. Kundgebung Schillerplatz -  Putjatinstr. - Schönaer Str. - 2. Kundgebung Parkplatz - Rathener Pirnaer Landstr. - Prohliser Allee - Kundgebung Jacob-Winter-Platz - P+R Parkplatz ""Rinne"" Messering",Autokorso ,100
2022-10-10,Neumarkt,Ukraine now,100
2022-10-12,Rathener Strasse - Rosenthaler Strasse - Bahnhofstrasse - Rathener Strasse,Demonstration für bezahlbare Energie und Frieden,100
2022-10-13,Straßburger Platz,Stoppt den fossilen Wahnsinn!,30
2022-10-14,Leisniger Platz - Bürgerstraße - Zwischenkundgebung Bischofsplatz - Görlitzer Strasse - Bautzner Strasse dort Abschlusskundgebung am Artesischen Brunnen,Für das Leben - Kurdistan verteidigen,100
2022-10-14,ZschachCenter Ecke Bahnhofstrasse,Heißer Herbst in Dresden,20
2022-10-14,Postplatz - Terrassenufer - Schießgasse - Wilsdruffer Strasse - Postplatz,"Gesundheitswesen zeigt Gesicht für eine freie Impfentscheidung ,gegen gesellschaftliche Spaltung und einen freien Dialog",500
2022-10-14,Jüdenhof,Freie Sachsen unterstützen den Protest der Handwerker,10
2022-10-15,Neumarkt,"Problematik Infektionsschutzgesetz, mRNA Impfung, Maskenpflicht und Frieden schaffen ohne Waffenlieferungen in Krisengebiete",5
2022-10-17,"""Wendehammer"" Staatskanzlei",Unsere Chancen für ein besseres Hochschulgesetz,50
2022-10-17,"Prohliszentrum, Übergang Wochenmarkt",Mahnwache: Heißer Herbst braucht Solidarität,8
2022-10-17,Lingner Allee - Straßburger Platz - Terrrassenufer - Rathenauplatz - Straßburger Platz - Lingner Allee,"Montagsspaziergang ""Dresden vereint"" Frieden, freie Impfentscheidung, mehr Dialog um gesellschaftliche Spaltung zu überwinden",1500
2022-10-17,Neumarkt,"Problematik Infektionsschutzgesetz, mRNA Impfung, Maskenpflicht und Frieden schaffen ohne Waffenlieferungen in Krisengebiete",15
2022-10-17,Bautzener Landstr. -Ecke Plattleitle und zurück,Bühlau geht Montags spazieren,150
2022-10-19,Rathener Strasse - Kugelmannstr.  - Rathener Strasse,Demonstration für bezahlbare Energie und Frieden,120
2022-10-20,Georg Treu Platz,Mahnwache für Frieden -  gegen Gewalt und Krieg überall,10
2022-10-21,Postplatz - Wiener Platz -  Pirnaischer Platz - Prager Str. -Postplatz ,"Gesundheitswesen zeigt Gesicht für eine freie Impfentscheidung, 
gegen gesellschaftliche Spaltung und für einen friedlichen Dialog
",500
2022-10-22,Theaterplatz,SoliSound Flucht hat immer einen Grund,1500
2022-10-22,Goldener Reiter- Carolaplatz- Theaterplatz,Solidarischer Herbst,5000
2022-10-22,Theaterplatz,SoliSound Flucht hat immer einen Grund,1500
2022-10-24,Neumarkt - Augustusstraße -  Schlossplatz - Postplatz -  Wilsdruffer Str. - Neumarkt,"EINIGKEIT – für Recht, Frieden, Freiheit",1500
2022-10-24,Alaunplatz -  Alaunstr. - Albertplatz - Augustusbrücke - Augustusstr.- Neumarkt,Kein Geburtstag den Faschist*innen,74
2022-10-24,"Fritz-Förster-Platz, Bergstraße, Sankt Petersburger Straße, Pirnaischer Platz,  Frauenstr., Neumarkt",Kein Platz für Pegida,2000
2022-10-24,"Bautzener Str. 130, Bautzener Str. 6",Bühlau geht Montags spazieren,150
2022-10-24,Lingner Allee - Lennestraße- St. Petersburger Str. - Prager Str. Springbrunnen,"Montagsspaziergang ""Dresden vereint"" Frieden, Freiheit, Tradition, um gesellschaftliche Spaltung zu überwinden",1500
2022-10-24,Neumarkt - Frauenstr. Wilsdruffer Str. - Neumarkt,Kein Platz für Rassismus,800
2022-10-24,Ebertplatz - Freiberger Str. - Postplatz - Neumarkt,Gemeinsam gegen Pegida,50
2022-10-26,Rathener Straße - Berthold Haupt Straße - Kastanienstraße –  Pirnaer Landstraße - Alte Straße - Rathener Straße,Demonstration für bezahlbare Energie und Frieden,120
2022-10-26,"Bautzener Str., Höhe Artesischer Brunnen",Frauen#Leben#Freiheit,100
2022-10-27,Olbrichtplatz Ecke Königsbrücker Str./Stauffenbergallee,Mahnwache für eine Reform des öffentlich-rechtlichen Rundfunks,50
2022-10-28,Pieschener Allee - Ostraufer - Terrassenufer - Neumarkt - Wilsdruffer Str. - Postplatz,"Für Frieden, Freiheit Werbung für Großdemo am 29.10.22 und Anschluss an das Gesundheitswesen",300
2022-10-28,Postplatz - Prager Str. -- St. Petersburger Str. -Budapester Straße - Postplatz,"Gesundheitswesen zeigt Gesicht für eine freie Impfentscheidung, 
gegen gesellschaftliche Spaltung und für einen friedlichen Dialog
",500
2022-10-28,"1. Parkplatz Lingerallee  - Pirnaischer Platz - Postplatz - Marienbrücke - Bautzner Str. -  Radeberger Str. - Alberststr. - Carolabrücke - Straßburger Platz - Lingnerallee 

2. Parkplatz Lingerallee
- Strasburger Platz - Reicker Str. - Prohliser Allee - Reicker Str. - Lenneplatz - Grunaer Str. - Lingnerallee
","2 Autokorsos: FÜR Friedensverhandlungen, FÜR bezahlbare Energie- und Lebens(er)haltungskosten, GEGEN Kriegstreiberei aus Steuergeldern, GEGEN Bargeldabschaffung zugunsten einer Totalüberwachung laut Great Reset-Verschwörung",60
2022-10-29,Schlossplatz und Augustusbrücke,Rechts bleibt´s kalt. Für solidarische Wärme,4000
2022-10-29,"Jorge Gomondai Platz, Neustädter Markt, Augustusbrücke, Schlossplatz",Solidarische Wärme gegen rechte Kälte,250
2022-10-29,Ecke Sophienstraße / Chaverigasse neben dem Theaterplatz,Freie Sachsen unterstützen den grossen Protest in Dresden,10
2022-10-29,"1. Theaterplatz - Wiener Platz - Pirnaischer Platz - Sachsenplatz - Carolaplatz - Rathenauplatz - Terrassenufer - Neumarkt - Postplatz - Theaterplatz
2. Theaterplatz - Postplatz - Dippoldiswalder Platz - Georgplatz - Terrassenufer - Neumarkt - Postplatz - Theaterplatz","2 Aufzüge: Tag für Frieden und Freiheit - Demonstration für Menschenrechte, Demokratie, Gewaltenteilung und Politikerhaftung",8000
2022-10-29,Parkplatz Lingerallee - St. Petersburger Str. - Kesselsdorfer Str. - Ebereschenstr. - Hamburger Str. -  Postplatz - Pirnaische Str.,"Autokorso: Für die Millionen Impfopfer des Corona Gen-Experiments und gegen die Gefahr, die von der politisch idelogischen , giftgrünen Sekte für die Demoktratie ausgeht  ",20
2022-10-29,Elberadweg zw. Augustus- und Carolabrücke auf Neustädter Seite,Solidarität für Iran,400
2022-10-31,Bibliothek Bühlau - Bautzener Landstr./Ecke Plattleite  und zurück,Bühlau geht Montags spazieren,150
2022-10-31,Lingner Allee - Lennestraße- Dr. Külz Ring. - Postplatz -  Pirnaischer Platz - Strasburger Platz - Lingner Allee,"Montagsspaziergang ""Dresden vereint"" Frieden, Freiheit, Tradition, um gesellschaftliche Spaltung zu überwinden",1500
2022-11-01,Staatskanzlei,Demo für eine tragbare Energiepolitik und qualifizierte Regierungsmitglieder ,100
2022-11-02,Gehweg der Rathener Str. analog Demostrecke der Freien Sachsen,"Hohle Phrasen, dumme Reden - Großzschachwitz soll das nicht mehr lang erleben!",10
2022-11-02,Rathener Strasse - Guerickestr.  - Rathener Strasse,Demonstration für bezahlbare Energie und Frieden,100
2022-11-04,Theaterplatz- Postplatz - Dr. Külz-Ring - Prager Str. -- St. Petersburger Str. -Neumarkt - Sophienstr. - Theaterplatz,"Gesundheitswesen zeigt Gesicht für eine freie Impfentscheidung, 
gegen gesellschaftliche Spaltung und für einen friedlichen Dialog
",500
2022-11-07,Lingner Allee - Lennestraße- Pirnaischer Platz - Neumarkt - ZKG - Pirnaischer Platz - Strasburger Platz - Lingner Allee,"Montagsspaziergang ""Dresden vereint"" Frieden, Freiheit, Tradition, um gesellschaftliche Spaltung zu überwinden",1500
2022-11-07,Bibliothek Bühlau - Bautzener Landstr./Ecke Plattleite  und zurück,Bühlau geht Montags spazieren,150
2022-11-09,"Synagoge Hasenberg Akademiestr. - Stadtmuseum - ""Judenhaus"" - Kulturpalast - Theaterplatz - Alter Leipziger Bhf.",Gang des Gedenkens - Erinnerung an den 9. November,50
2022-11-09,Beginn Rathener Str. analog Strecke Herrn Schreiber,"Hohle Phrasen, rechte Reden - Großzschachwitz sollte das auch am 9.11. nicht erleben",10
2022-11-09,Rathener Straße Ecke Schönaer Straße - Platz der Fahrbibliothek - Fußweg,Wer schreit hat Unrecht,20
2022-11-09,Rathener Straße (zwischen Schönaer Straße und Alte Straße) - Schönaer Straße - Bahnhofstraße - Bismarckstraße - Bismarckstraße - Reisstraße - Straße des 17. Juni - Försterlingstraße - Rathener Straße - Ausgangsort,Demonstration für bezahlbare Energie und Frieden,120
2022-11-11,Theaterplatz - Sophienstr. - Schloßplatz- Augustusstr. - Neumarkt -  Schießgasse- Carolabrücke - Köpckestr - Wiesentorstr. - Elbradweg bis zum Festplatz an der Elbe - Wiesentorstr. - Köpckestr. - Augustusbrücke - Sophienstr. - Theaterplatz ,"Gesundheitswesen zeigt Gesicht für eine freie Impfentscheidung, 
gegen gesellschaftliche Spaltung und für einen friedlichen Dialog
",500
2022-11-11,"Theaterplatz - Sophienstr. - Postplatz - Wallstr. - Dippoldiswalde Platz- Waisenhausstr.- Georgplatz- St.-Petersburger-Str. - Pillnitzer Str. - Steinstr. - Terrassenufer - Terrassenufer links hoch zum Schloßplatz- dort an den Treppen zur Brühlsche Terrasse/Schloßplatz Lichteraktion + Abschlusskundgebung ca 20-30min), Die Lichteraktion ist direkt auf den Treppen zur Brühlsche Terrasse geplant! ","Gesundheitswesen zeigt Gesicht für eine freie Impfentscheidung,gegen gesellschaftliche Spaltung und für einen friedlichen Dialog",
2022-11-14,Bibliothek Bühlau - Bautzener Landstr./Ecke Plattleite  und zurück,Bühlau geht Montags spazieren,150
2022-11-14,Lingner Allee - Lennestraße- Pirnaischer Platz -  Strasburger Platz - Lingner Allee,Landwirtschaft: Wie geht es unseren lokalen Landwirten?,1500
2022-11-14,Parkplatz Volksfestgelände Pieschener Allee - Pieschener Straße - Lothringer Straße - Volksfestgelände Pieschener Allee.,Autokorso für Frieden in Europa und eine sinnvolle Energiepolitik,50
2022-11-14,Lingnerallee angrenzend an die Lennéstraße ,Dresden vereint sich nicht!,12
2022-11-15,Dr.Külz Ring,Heißer Herbst in Dresden,350
2022-11-16,Postplatz- Hertha-Lindner-Straße - Hamburger Straße,Aufnehmen statt Abschieben!,150
2022-11-16,Rathener Straße - Zschachcenter - Schönaer Straße - Rathener Straße ,Bürgerprotest für ein bezahlbares Leben und Frieden für Alle.,130
2022-11-16,Schönaer Straße 2,"Hohle Phrasen, rechte Reden - Großzschachwitz soll das nicht mehr lang erleben!""",10
2022-11-17,Georg Treu Platz,Mahnwache für Frieden -  gegen Gewalt und Krieg überall,10
2022-11-18,Theaterplatz - Altmarktgalerie - Dr. Külz Ring - Pirnaischer Platz - Postplatz - Theaterplatz,"Gesundheitswesen zeigt Gesicht für eine freie Impfentscheidung, 
gegen gesellschaftliche Spaltung und für einen friedlichen Dialog
",500
2022-11-18,Centrum Galerie Prager Straße ,gegen prekäre Beschäftigung und Arbeitsrechtsverstöße in der Dresdner Gastronomie- und Lebensmittelbranche,20
2022-11-18,Wiener Platz Höhe hbf,Genug ist genug - Kampange gegen die soziale Schieflage und Energiekrise,10
2022-11-18,Fußgängerzone Prager Straße Höhe Centrums Galerie,gegen prekäre Beschäftigung und Arbeitsrechtsverstöße in der Dresdner Gastronomie- und Lebensmittelbranche,20
2022-11-19,Theaterplatz,"Klagen und Weltweite Demonstrationen zum Gedanken an die Opfer des Monats November im Zusa menhang mit der iranischen Revolution, der 19. November entspricht dem 28, Aban im Iran",200
2022-11-20,Alaunplatz,Mahnwache zum Gedenken an die Opfer von Transfeindlichkeit,30
2022-11-21,vor Sächsischem Landtag,Lehrstühle statt leere Stühle - für eine faire Lehre an Musikhochschuilen,70
2022-11-21,Bibliothek Bühlau - Bautzener Landstr./Ecke Plattleite  und zurück,Bühlau geht Montags spazieren,150
2022-11-21,Lingnerallee - Straßburger Platz - Dr.-Külz-Ring - Georgplatz - - Lennéstraße - Lingnerallee ,"Montagsspaziergang ""Dresden vereint"" Frieden, Freiheit, Tradition.",1500
2022-11-21,Jakob-Winter-Platz 16 (auf dem Zugangsweg zum Prohliscenter),Genug ist genug,10
2022-11-23,"Am Werk 1 – Pirnaer Landstraße, am Wiesenrand/Ecke Türmsdorfer Straß e – Pirnaer Landstraße -  Am Werk 1","Es reicht, unser Volk zuerst ! NEIN zur Bevormundung des Staates – NEIN zum Containerdorf – Dresden Sporbitz !",400
2022-11-24,Olbrichtplatz Ecke Königsbrücker Str./Stauffenbergallee,"Mahnwache ""Leuchtturm ARD"" für einen unabhängigen, multipolaren, staatsfernen Rundfunk",50
2022-11-24,Rathausplatz,"Bezahlbare Energie! Steuern senken, Nord-Stream II öffnen",50
2022-11-25,Hans Oster Str. 4,Gegen Arbeitsrechtsverstöße gemeinsam wehren,5
2022-11-25,Theaterplatz - Sophienstr. - Postplatz - Wallstr. - Zwischenkundgebung Vorplatz Altmarktgalerie - Dr.-Külz-Ring- Dippoliswalder Platz - Waisenhausstr. - Georgplatz - St.Peterburger Str. - Akamedmiestr. - Hasneberg - Terrassenufer - Radeberger Schankhaus hoch - Schloßplatz - Sophienstr- Theaterplatz,"Gesundheitswesen zeigt Gesicht für eine freie Impfentscheidung,gegen gesellschaftliche Spaltung und für einen friedlichen Dialog",500
2022-11-26,Dr. Külz Ring,"FRIEDENSVERHANDLUNGEN - JETZT! Keine Waffenlieferungen von Deutschland - Schluß mit NATO-Kriegsbeteiligung, Raus aus NATO",150
2022-11-27,Schloßplatz,Gemeinsam sind wir stärker,100
2022-11-28,Bibliothek Bühlau - Bautzener Landstr./Ecke Plattleite  und zurück,Bühlau geht Montags spazieren,150
2022-11-28,"Autokorso Robotron Platz (Treffpunkt) - St. Petersburger Str. - Pillnitzer Str. - Steinstr. - Terrassenufer - 
Bernhard-von-Lindenau-Platz - Devrientstr. - Kleine Packhofstr. - Ostra-Allee - Postplatz - Willsdruffer Str. - Robotron 
Platz ( Abschlusskundgebung und Endpunkt",Bürgerprotest für bezahlbare Energie und transparente Politik,500
2022-11-28, Pirnaischer Platz auf der Freifläche St. Pe_x0002_tersburger Straße/Ecke Grunaer Straße - Aufzug ab 19 Uhr: St. Petersburger Straße - Rathenauplatz - Pillnitzer Straße - Steinstraße - Terrassenufer - Fahrbahn Bernhard-von-Lindenau-Platz - Devrientstraße - Kleine Packhof_x0002_straße - Ostra-Allee - Postplatz - Marienstraße - Dippoldiswalder Platz - Waisenhausstraße - Georgplatz - St. Petersburger Straße - Abschlusskundgebung von etwa 20.30 bis 20.45 Uhr: Pirnaischer Platz auf der Freifläche St. Petersburger Straße/Ecke Grunaer Straße.,Bürgerprotest für bezahlbare Energie und transparente Politik,500
2022-11-28,"Parkplatz Lingnerallee - Lennéstraße - Lennéplatz - Parkstraße - Lindengasse - Mosczinskistraße - Mary-Wigmann-Straße - Sidonienstraße - St. Petersburger Straße - Wiener Platz - St. Petersburger Straße - Georgplatz - Bürgerwiese - Parkstraße -
Lennéplatz - Lennéstraße und Beendigung der Versammlung gegen 21.15 Uhr auf dem 
Parkplatz an der Lingnerallee","„Montagsdemonstration ‚Dresden vereint‘ für Frieden, Freiheit und Tradition",1500
2022-11-30,"Am Werk 1, Pirnaer Landstraße, Struppener Straße, am Sand – Höhe Hausnummer 6 – Zwischenkundgebung –  Struppener Straße, Pirnaer Landstraße, Am Werk 1","Es reicht, unser Volk zuerst ! NEIN zur Bevormundung des Staates – NEIN zum Containerdorf – Dresden Sporbitz !",400
2022-12-02,Theaterplatz - Terrassenufer - Hasenberg - Akademiestr. - St.Petersburger-Str. - Dr. Külz-Ring - Vorplatz Altmarktgalerie- Wallstr. - Postplatz- Sophienstr. - Theaterplatz ,"Gesundheitswesen zeigt Gesicht für eine freie Impfentscheidung,gegen gesellschaftliche Spaltung, für einen friedlichen Dialog und eine gesunde Zukunft",
2022-12-02,Theaterplatz - Terassenufer - Dr. Külz Ring - Pirnaischer Platz - Postplatz - Theaterplatz,"Gesundheitswesen zeigt Gesicht für eine freie Impfentscheidung, 
gegen gesellschaftliche Spaltung und für einen friedlichen Dialog
",500
2022-12-05,Bibliothek Bühlau - Bautzener Landstr./Ecke Plattleite  und zurück,Bühlau geht Montags spazieren,150
2022-12-05,Pirnaer Platz - Josephinenstr - Marienstrsße - Pirnaer Platz,Bürgerprotest für bezahlbare Energie und transparente Politik,300
2022-12-05,Parkplatz an der Lingnerallee (Rondell nahe Lennestraße),"Montagsspaziergang ""Dresden vereint"" Frieden, Freiheit, Tradition.",1500
2022-12-06,Sachsenforum,Genug ist genug,10
2022-12-07,Pirnaer Landstraße,Asyl ist Menschenrecht,25
2022-12-07,"Am Werk 1, Pirnaer Landstraße, Fritz Schreiter Straße – Fritz Schreiter Straße Kameradenweg, Hausnummer 15 – Zwischenkundgebung, Kameradenweg, Fritz Schreiter Straße, Pirnaer Landstraße, Am Werk 1, ENDE","Es reicht, unser Volk zuerst ! NEIN zur Bevormundung des Staates – NEIN zum Containerdorf – Dresden Sporbitz",400
2022-12-09,Strasburger Platz,"Stoppt den fossilen Wahnsinn! Mit der Aktion fordern wir von der Politik und
Verwaltung, dass Erneuerbarer Strom und Energiesparen vorangetrieben werden,
sodass wir geordnet aus allen fossilen Energieträgern aussteigen können.",30
2022-12-09,Prager Straße,Ukraine Now,10
2022-12-09,Theaterplatz-Sophienstraße-Postplatz-Wallstr-Altemrkt-Watzke-Thetareplatz,Das Gesundheitswesen steht auf - für eine gesunde Zukunft. Missstände und Personalmangel im Gesundheitswesen aufzeigen und beseitigen. […]“,50
2022-12-12,Bibliothek Bühlau - Bautzener Landstr./Ecke Plattleite  und zurück,Bühlau geht Montags spazieren,150
2022-12-12,Parkplatz Flutrinne/Messe - Messering - Pieschener Allee - Ostra-Ufer - Devrienstr. - Bernhard-von-Lindenau-Platz - Terrassenufer - Sachsenplatz - Güntzstr. - Lennéstr. - Lennéplatz - Tiergartenstr. - Karcherallee - Bodenbacher Str. - Pirnaer Landstr. - Ortseingang Heidenau - Dresdner Str. - Siegfried-Rädel-Str. - Platz-der-Freiheit - August-Bebel-Str. -,Autokorso für Frieden und Demokratie,50
2022-12-12,Parkplatz an der Lingnerallee (Rondell nahe Lennestraße),"Montagsspaziergang ""Dresden vereint"" Frieden, Freiheit, Tradition.",1500
2022-12-12,Aufzug: St. Petersburger Straße (über Georgplatz) - Wiener Platz - Reitbahnstraße - Josephi_x0002_nenstraße - Querung Budapester Straße - Annenstraße - Marienstraße - Dippoldiswalder Platz - Waisenhausstraße - Georgplatz - St. Petersburger Straße - Abschluss von 20.30 bis 20.35 Uhr: Pirnaischer Platz auf der Freifläche St. Petersburger Straße/Ecke Grunaer Straße.,Bürgerprotest für bezahlbare Energie und transparente Politik,150
2022-12-14,"Am Werk 1, Pirnaer Landstraße, Struppener Straße, Johannes Brahms Straße, Bernhard Shaw Straße, Am Sand, Struppener Straße Hausnummer 18 – Zwischenkundgebung Struppener Straße, Pirnaer Landstraße, Am Werk 1","Es reicht, unser Volk zuerst ! NEIN zur Bevormundung des Staates – NEIN zum Containerdorf – Dresden Sporbitz",400
2022-12-15,Rathausplatz,"Bezahlbare Energie! Steuern senken, Nord-Stream II öffnen",50
2022-12-15,Eine Seite der Augustusbrücke in Dresden,Mein Licht für die Ukraine,100
2022-12-16,Schlesischer Platz(Auftaktkundgebung) - Dr. Friedrich Wolf Straße - Lößnitzstraße - Friedensstraße - Fritz Reuter Straße - Bischofsplatz - Königsbrücker Straße - Albertplatz  - Alaunstraße - Loisenstraße - Görlitzer Straße - Alaunplatz (Endkundgebung) ,Freiheit für alle politischen Gefangenen - spektrenübergreifende Solidarität aufbauen!,50
2022-12-17,Wienerplatz - St. Petersburger Str. - Carolabrücke - Carolaplatz Köpkestraße  (Zwischenkundgebung) Augustusbrücke - Sophienstr. - Theaterplatz (Abschlusskundgebung),Genug ist genug,300
2022-12-19,Bibliothek Bühlau - Bautzener Landstr./Ecke Plattleite  und zurück,Bühlau geht Montags spazieren,150
2022-12-19,Lingnerallee - Straßburger Platz - Dr.-Külz-Ring - Georgplatz - - Lennéstraße - Lingnerallee ,"Montagsspaziergang ""Dresden vereint"" Frieden, Freiheit, Tradition.",500
2022-12-19,Pirnaischer Platz auf der Freifläche St. Pe_x0002_tersburger Straße/Ecke Grunaer Straße - Aufzug ab 19 Uhr: St. Petersburger Straße - Rathenauplatz - Pillnitzer Straße - Steinstraße - Terrassenufer - Postplatz - Wallstr. - Dippoldiswalder Platz - Wiener Platz - St. Petersburger Straße - Pirnaischer Platz auf der Freifläche St. Petersburger Straße/Ecke Grunaer Straße,Bürgerprotest für bezahlbare Energie und transparente Politik,150
2022-12-21,"Am Werk 1, Pirnaer Landstraße, Struppener Straße, Am Sand, Meußlitzer Straße, Ecke Schlehdornstraße (Zwischenkundgebung max. 20 min.), Meußlitzer Straße, Am Sand, Struppener Straße, Pirnaer Landstraße, Am Werk 1, Ende","Es reicht, unser Volk zuerst ! NEIN zur Bevormundung des Staates – NEIN zum Containerdorf – Dresden Sporbitz !",400
2022-12-28,"Am Werk 1, Pirnaer Landstraße, Struppener Straße, Am Sand, Meußlitzer Straße, Diesterwegstraße, An der Telle, Damaschkestraße, Bernhard – Shaw – Straße, Am Sand, Struppener Straße, Pirnaer Landstraße, Am Werk 1, Endkundgebun","Es reicht, unser Volk zuerst ! NEIN zur Bevormundung des Staates – NEIN zum Containerdorf – Dresden Sporbitz !",600
2022-12-28,"Pirnaer Landstraße, Am Werk",Asyl ist Menschenrecht,100
2022-12-31,JVA Hammerweg (Fläche am Robinienhain),Solidarität zu Silvester - das Knastsystem überwinden,40
