Versammlungsgeschehen in Dresden März bis Dezember 2023,Unnamed: 1,Unnamed: 2,Unnamed: 3
,,,
 Datum ,Ort,Thema,Teilnehmerzahl Anmeldung
2023-03-01 00:00:00,Dresden,Aufarbeitung mit Kirche UND Staat vor dem Haus der Kathedrale zur Frühjahrs-Vollversammlung der Deutschen Bischofskonferenz 2023 in Dresden,
2023-03-01 00:00:00,Dresden,"Es reicht, unser Volk zuerst ! NEIN zur Bevormundung des Staates – NEIN zum Containerdorf – Dresden Sporbitz !",300
2023-03-02 00:00:00,Dresden,Aufarbeitung mit Kirche UND Staat vor dem Haus der Kathedrale zur Frühjahrs-Vollversammlung der Deutschen Bischofskonferenz 2023 in Dresden,
2023-03-03 00:00:00,Dresden,Verkehrswende bezahlbar gestalten,500
2023-03-03 00:00:00,Dresden,Fahrradzubringer für den globalen Klimastreik,100
2023-03-03 00:00:00,Dresden,Globaler Klimastreik von Fridays for Future,2500
2023-03-03 00:00:00,Dresden,Das Gesundheitswesen steht auf - für eine gesunde Zukunft. Missstände und Personalmangel beseitigen,400
2023-03-04 00:00:00,Dresden,"Friedensfahrt mit Lautsprecherbotschaften während des Korsos, anschließende Standmahnung + Lautsprecherbotschaften",10
2023-03-05 00:00:00,Dresden,Informationsstand zur Lage von Frauen im Iran,30
2023-03-05 00:00:00,Dresden,Iran-Woman-Life-Freedom,30
2023-03-06 00:00:00,Dresden,Beteiligungsprozesse ernst nehmen! Einwohnerversammlung in Sporbitz,10
2023-03-06 00:00:00,Dresden,"Bürgerprotest gegen Kriegsbeteiligung, für bezahlbare Energie und transparente Politik ",100
2023-03-06 00:00:00,Dresden,Bühlau geht spazieren,50
2023-03-06 00:00:00,Dresden,"Montagsdemonstration -Dresden vereint - das Original - Frieden, Freiheit und Tradition",750
2023-03-06 00:00:00,Dresden,Freiheits- und Friedenskundgebung,50
2023-03-08 00:00:00,Dresden,"Fachkräfte sichern, gute Löhne und Gleichberechtigung",500
2023-03-08 00:00:00,Dresden,"Wer Fachkräfte sucht, muss Frauen finden!",1000
2023-03-08 00:00:00,Dresden,Feminismus: Solidarisch und international,300
2023-03-08 00:00:00,Dresden,Feminismus: solidarisch und internationa,300
2023-03-08 00:00:00,Dresden,Nein zum Heim – ja zur Heimat,300
2023-03-09 00:00:00,Dresden,Nein zum Heim - Ja zur Heimat!,5
2023-03-10 00:00:00,Dresden,Aufklärung über den Politischen Islam,35
2023-03-10 00:00:00,Dresden,Rechtsverletzungen in Palästina und Syrien,1000
2023-03-11 00:00:00,Dresden,Verletzung der Frauenrechte in Afghanistan und dem Iran,50
2023-03-13 00:00:00,Dresden,"Tag des Widerstands, gegen Hartz IV, Rassismus, Nationalismus und Faschismus. Aktiver Widerstand gegen jede imperialistische Aggression. Stopp den Krieg in der Ukraine. Kampf der Weltkriegsgefahr!",20
2023-03-13 00:00:00,Dresden,Bühlau geht spazieren,50
2023-03-13 00:00:00,Dresden,"Montagsdemonstration -Dresden vereint - das Original - Frieden, Freiheit und Tradition",500
2023-03-15 00:00:00,Dresden,Nein zum Heim - Ja zur Heimat!,300
2023-03-15 00:00:00,Dresden,Stopp Polizeigewalt,300
2023-03-15 00:00:00,Dresden,Stopp Polizeigewalt,300
2023-03-18 00:00:00,Dresden,"Rote Armee, KGB, Stasi, „Russkij mir“: von Befreiung zur Unterdrückung, von Unterdrückung zum hybriden Krieg. Mahngang auf den Spuren des russischen Autoritarismus in Dresden",150
2023-03-20 00:00:00,Dresden,Bühlau geht spazieren,50
2023-03-20 00:00:00,Dresden,"Montagsdemonstration -Dresden vereint - das Original - Frieden, Freiheit und Tradition",500
2023-03-22 00:00:00,Dresden,Nein zum Heim - Ja zur Heimat!,300
2023-03-27 00:00:00,Dresden,"Bürgerprotest gegen Kriegsbeteiligung, für bezahlbare Energie und transparente Politik ",100
2023-03-27 00:00:00,Dresden,"Tag des Widerstands, gegen Hartz IV, Rassismus, Nationalismus und Faschismus. Aktiver Widerstand gegen jede imperialistische Aggression. Stopp den Krieg in der Ukraine. Kampf der Weltkriegsgefahr!",20
2023-03-27 00:00:00,Dresden,Bühlau geht spazieren,50
2023-03-27 00:00:00,Dresden,"Montagsdemonstration ´Dresden vereint - Das Original´ für Frieden, Freiheit, Tradition",500
2023-03-29 00:00:00,Dresden,Die Bombe platzt - Die große Enthüllung in Dresden Sporbitz,400
2023-03-29 00:00:00,Dresden,Asyl ist Menschenrecht,100
2023-03-30 00:00:00,Dresden,"Stoppt den fossilen Wahnsinn! Mit der Aktion fordern wir von der Politik und
Verwaltung, dass Erneuerbarer Strom und Energiesparen vorangetrieben werden,
sodass wir geordnet aus allen fossilen Energieträgern aussteigen können.",30
2023-03-31 00:00:00,Dresden,"Asyl ist Menschenrecht. Dresden ist Sicherer Hafen, gemeinsam stark für Geflüchtete",30
2023-03-31 00:00:00,Dresden,Für die Beständigkeit der Klimaziele,200
2023-04-01 00:00:00,Dresden,Bürgerbeteiligungsprozesse ernst nehmen - Einwohnerversammlung durchführen!,20
2023-04-03 00:00:00,Dresden,Nein zum Heim – Ja zur Heimat !,200
2023-04-03 00:00:00,Dresden,"Montagsdemonstration ´Dresden vereint - Das Original´ für Frieden, Freiheit, Tradition",500
2023-04-05 00:00:00,Dresden,Nein zum Heim - Wir helfen euch bei der Entscheidung !“,600
2023-04-09 00:00:00,Dresden,Autokorso für Friedem in Europe,200
2023-04-10 00:00:00,Dresden,Freie Sachsen unterstützen den Friedensprotest in Dresden,10
2023-04-10 00:00:00,Dresden,Ostermarsch,1000
2023-04-12 00:00:00,Dresden,Nein zum Heim – Ja zur Heimat,300
2023-04-17 00:00:00,Dresden,Haltung zeigen! Dialog statt Hetze“,150
2023-04-17 00:00:00,Dresden,"Bürgerprotest gegen Kriegsbeteiligung, für bezahlbare Energie und transparente Politik ",100
2023-04-17 00:00:00,Dresden,"Montagsdemonstration ´Dresden vereint - Das Original´ für Frieden, Freiheit, Tradition",500
2023-04-19 00:00:00,Dresden,Für eine menschenwürdige Unterbringung von Geflüchteten - gegen rassistische Hetzerei,50
2023-04-19 00:00:00,Dresden,Nein zum Heim – Ja zur Heimat,300
2023-04-22 00:00:00,Dresden,70 Jahr Spirtgemeinschaft Dynamo Dresden - für den Erhalt mitgliedergeführter Sportvereine,3500
2023-04-24 00:00:00,Dresden,"Bürgerprotest gegen Kriegsbeteiligung, für bezahlbare Energie und transparente Politik ",100
2023-04-24 00:00:00,Dresden,"Montagsdemonstration ´Dresden vereint - Das Original´ für Frieden, Freiheit, Tradition",500
2023-04-26 00:00:00,Dresden,Nein zum Heim - Ja zur Heimat!,200
2023-04-27 00:00:00,Dresden,Anklage gegen Klimaaktivisten stoppen! Stattdessen effektiven Klimachutz beschließen! ,30
2023-04-30 00:00:00,Dresden,Take Back The Night,100
2023-05-01 00:00:00,Dresden,1. Mai Kundgebung,800
2023-05-01 00:00:00,Dresden,Familientag am Fichteturm,500
2023-05-01 00:00:00,Dresden,2023-05-01 00:00:00,25
2023-05-01 00:00:00,Dresden,1.Mai 2023 ´ungebrochen solidarisch´,100
2023-05-01 00:00:00,Dresden,"Veranstaltung zum 1, Mai mit Ausschank von Speisen und Getränken, Musik und Rednern",300
2023-05-01 00:00:00,Dresden,1. Mai - Faschofrei,161
2023-05-01 00:00:00,Dresden,2023-05-01 00:00:00,50
2023-05-01 00:00:00,Dresden,"Montagsdemonstration ""Dresden vereint - Das Original"" für Frieden und Freiheit",500
2023-05-01 00:00:00,Dresden,Mahnwache für Frieden Dresden,30-50
2023-05-02 00:00:00,Dresden,Kein Platz für Despoten,200
2023-05-03 00:00:00,Dresden,Nein zum Heim - ja zur Heimat!,200
2023-05-04 00:00:00,Dresden,Stoppt den fossilen Wahnsinn,25
2023-05-05 00:00:00,Dresden,Plötzlich und unerwartet - Mahnwache zum Gedenken an die Opfer der Corona-Impfungen,25
2023-05-05 00:00:00,Dresden,"""Das Gesundheitswesen zeigt Gesicht für eine freie Impfentscheidung,
gegen gesellschaftliche Spaltung, für einen friedlichen Dialog und eine gesunde Zukunft""
",500
2023-05-08 00:00:00,Dresden,Gedenken Tag der Befreiung,15
2023-05-08 00:00:00,Dresden,Verscharrt - Vergessen - Verdrängt / Gedenken an die vergessenen Kinder,50
2023-05-08 00:00:00,Dresden,"Bürgerprotest gegen Kriegsbeteiligung, für bezahlbare Energie und transparente Politik ",100
2023-05-08 00:00:00,Dresden,"Montagsdemonstration ""Dresden vereint - Das Original"" für Frieden und Freiheit",500
2023-05-08 00:00:00,Dresden,Für die menschenwürdige Unterbringung von Geflüchteten,50
2023-05-09 00:00:00,Dresden,Coronapandemie und deren Aufarbeitung,16
2023-05-10 00:00:00,Dresden,Klimakollaps verhindern - Grundrechte bewahren,50
2023-05-11 00:00:00,Dresden,Wir sc(hauen) dem Dresdner Stadtrat auf die Finger – wählt weise,600
2023-05-11 00:00:00,Dresden,Gesicht zeigen für Menschlichkeit und Demokratie,150
2023-05-11 00:00:00,Dresden,Nein zu den Container-Asylunterkünften - ,50
2023-05-11 00:00:00,Dresden,"„Refugees welcome! Für eine menschenwürdige, dezentrale Unterbringung!“",75
2023-05-12 00:00:00,Dresden,Profite pflegen keine Menschen Demonstration zum Tag der Pflege,300
2023-05-13 00:00:00,Dresden,Tolerade 2023,
2023-05-15 00:00:00,Dresden,"Montagsdemonstration ´Dresden vereint - Das Original´ für Frieden, Freiheit, Tradition",500
2023-05-17 00:00:00,Dresden,"vom Kriegsgebiet
aufs Minenfeld",200
2023-05-19 00:00:00,Dresden,"Kohleausstieg Ost - sozialgerechter Strukturwandel jetzt! 1,5 Grad bedeutet nicht mehr als 205 Mio t Kohle in der Lausitz zu verbrennen.",150
2023-05-22 00:00:00,Dresden,"Montagsdemonstration ´Dresden vereint - Das Original´ an der  Torwirtschaft für Frieden, Freiheit, Tradition",500
2023-05-24 00:00:00,Dresden,Solidarität mit der Letzten Generation – Klimaaktivismus ist kein Verbrechen,50
2023-05-29 00:00:00,Dresden,"Montagsdemonstration ""Dresden vereint - Das Original"" an der Torwirtschaft für Frieden, Fr iheit, Tradition",500
2023-05-31 00:00:00,Dresden,Unsere Solidarität gegen staatliche Repression - Antifaschismus lässt sich nicht verbieten,200
2023-05-31 00:00:00,Dresden,Nein zum Heim! Wir fordern einen Bürgerentscheid!,200
2023-05-31 00:00:00,Dresden ,Freiheit für alle Antifaschist*innen!,100
2023-06-01 00:00:00,Dresden,Energie- und Klimaschutzprogramm,50
2023-06-02 00:00:00,Dresden,"""Das Gesundheitswesen steht auf - für eine gesunde Zukunft. Missstände und Personalmangel im Gesundheitswesen aufzeigen und beseitigen.
Gegen gesellschaftliche Spaltung, für einen friedlichen Dialog.""
",n.b.
2023-06-05 00:00:00,Dresden,"Montagsdemonstration ""Dresden vereint - Das Original"" an der Torwirtschaft für Frieden, Fr iheit, Tradition",500
2023-06-07 00:00:00,Dresden,Nein zum Heim! Wir fordern einen Bürgerentscheid!,200
2023-06-07 00:00:00,Dresden,Nein zum Heim - wir fordern einen Volksentscheid!,200
2023-06-08 00:00:00,Dresden,"Stoppt den fossilen Wahnsinn! Mit der Aktion fordern wir, dass keine neuen fossilen Projekte vom Staat genehmigt oder finanziert werden.",25
2023-06-09 00:00:00,Dresden,Internationale Solidarität gegen rechte Hetze,80
2023-06-12 00:00:00,Dresden,"Grundrechte verteidigen, Polizeiwillkür stoppen",50
2023-06-12 00:00:00,Dresden,"Grundrechte verteidigen, Polizeiwillkür stoppen!",50
2023-06-12 00:00:00,Dresden,Nein zum AIR DEFENDER 23,100
2023-06-12 00:00:00,Dresden,Nein zum Air Defender 23,100
2023-06-12 00:00:00,Dresden,Dresden vereint - Das Original,500
2023-06-12 00:00:00,Dresden,Stop Ecocide in Ukraine,800
2023-06-12 00:00:00,Dresden,"Montagsdemonstration ""Dresden vereint - Das Original"" an der Torwirtschaft für Frieden, Fr iheit, Tradition",500
2023-06-14 00:00:00,Dresden,Nein zum AIR DEFENDER 23,100
2023-06-14 00:00:00,Dresden,Nein zum Air Defender 23,100
2023-06-14 00:00:00,Dresden,Nein zum Heim! Wir fordern einen Bürgerentscheid!,250
2023-06-15 00:00:00,Dresden,Leben mit Vision – Für Christliche Werte in der Politik und Gesellschaft - Gegen Egoismus und Machtmissbrauch,500
2023-06-15 00:00:00,Dresden ,Eilversammlung zur Petition Bürgerbeteiligung,10
2023-06-17 00:00:00,Dresden,Antifaschistische Republik Neustadt - Tanzdemo,3000
2023-06-17 00:00:00,Dresden,Wir bauen Brücken - Dresden ist Sicherer Hafen,1500
2023-06-17 00:00:00,Dresden,Feministische Oben-Ohne-Fahrrad-Demo,100
2023-06-17 00:00:00,Dresden,Volksaufstand gegen die Diktatur eines Regimes - 17. Juni 1953“,500
2023-06-17 00:00:00,Dresden,70. Jahrestag des 17. Juni 1953 - Volksaufstand für Freiheit damals und heute,50
2023-06-17 00:00:00,Dresden,Frieden schaffen ohne Waffen ,100
2023-06-17 00:00:00,Dresden,Tag für Frieden,8000
2023-06-18 00:00:00,Dresden,Ramba Samba- Parade deer migrantischen Organisationen in der Neustadt ,500
2023-06-18 00:00:00,Dresden,"Neustadt, Autofrei!",200
2023-06-19 00:00:00,Dresden,"""Keine trommelnden Nazis an der Synagoge!"".",25
2023-06-19 00:00:00,Dresden,"Montagsdemonstration ""Dresden vereint - Das Original"" an der Torwirtschaft für Frieden, Fr iheit, Tradition",500
2023-06-21 00:00:00,Dresden ,Nein zum Heim -Wir fordern einen Volksentscheid!,250
2023-06-24 00:00:00,Dresden,FUCK NATO! Sachsen ist nicht im Krieg mit Russland,250
2023-06-26 00:00:00,Dresden,"Montagsdemonstration ""Dresden vereint - Das Original"" an der Torwirtschaft für Frieden, Fr iheit, Tradition",500
2023-06-26 00:00:00,Dresden ,"Keine trommelnden Nazis an der Synagoge!"".",25
2023-06-27 00:00:00,Dresden,Drohnenterror Stoppen - Türkische Angriffe auf Nord-/Ostsyrien beenden,30
2023-06-28 00:00:00,Dresden ,Nein zum Heim -Wir fordern einen Volksentscheid!,250
2023-07-01 00:00:00,Dresden,Für Frieden und Freiheit,75
2023-07-01 00:00:00,Dresden,Feministische Oben-Ohne-Fahrrad-Demo,100
2023-07-01 00:00:00,Dresden ,Neustadt? Autofrei!,200
2023-07-03 00:00:00,Dresden,"Montagsdemonstration ""Dresden vereint - Das Original"" an der Torwirtschaft für Frieden, Fr iheit, Tradition",500
2023-07-04 00:00:00,Dresden,Europa statt EU,20
2023-07-04 00:00:00,Dresden,"Für souveräne Staaten in Europa - ohne WHO, WEF und EU",50
2023-07-05 00:00:00,Dresden,Klimakollaps verhindern - Grundrechte schützen,30
2023-07-05 00:00:00,Dresden,Nein zum Heim - Ja zur Heimat! - Zentraler Asylprotest Dresden,200
2023-07-07 00:00:00,Dresden,Erhalt des Wäldchens am Nürnberger Platz.,45
2023-07-07 00:00:00,Dresden,"""Das Gesundheitswesen steht auf - für eine gesunde Zukunft. Missstände und Personalmangel im Gesundheitswesen aufzeigen und beseitigen.
Gegen gesellschaftliche Spaltung, für einen friedlichen Dialog.""
",
2023-07-07 00:00:00,Dresden,Nein zum Heim - Ja zur Heimat! - Brennpunktdemo,100
2023-07-10 00:00:00,Dresden,"Montagsdemonstration ""Dresden vereint - Das Original"" an der Torwirtschaft für Frieden, Fr iheit, Tradition",500
2023-07-12 00:00:00,Dresden,Klimakollaps verhindern - Grundrechte schütze,30
2023-07-12 00:00:00,Dresden,Nein zum Heim – Ja zur Heimat!,200
2023-07-15 00:00:00,Dresden,Niemand muss Täter sein. Gegen die Normalität sexualisierter Gewalt. ,100
2023-07-17 00:00:00,Dresden,"Montagsdemonstration ""Dresden vereint - Das Original"" an der Torwirtschaft für Frieden, Fr iheit, Tradition",500
2023-07-19 00:00:00,Dresden,Nein zum Heim – Ja zur Heimat!,200
2023-07-19 00:00:00,Dresden,Drohnenkrieg Stoppen! ,50
2023-07-24 00:00:00,Dresden,"Montagsdemonstration ""Dresden vereint - Das Original"" an der Torwirtschaft für Frieden, Fr iheit, Tradition",500
2023-07-26 00:00:00,Dresden,Nein zum Heim - Ja zur Heimat!,200
2023-07-26 00:00:00,Dresden,Nein zum Heim – Ja zur Heimat!,200
2023-07-28 00:00:00,Dresden,"Aufklärung und Unterschriftensammlung für ""Lassen wir die Kriche im Dorf und die Moschee in Istanbul""",100
2023-07-31 00:00:00,Dresden,"Montagsdemonstration ""Dresden vereint - Das Original"" an der Torwirtschaft für Frieden, Fr iheit, Tradition",500
2023-08-02 00:00:00,Dresden,Nein zum Heim - Ja zur Heimat!,200
2023-08-04 00:00:00,Dresden,"Aufklärung und Unterschriftensammlung für ""Lassen wir die Kirche im Dorf und die Moschee in Istanbul""",100
2023-08-04 00:00:00,Dresden,"Das Gesundheitswesen steht auf - für eine gesunde Zukunft. Missstände und Personalmangel im Gesundheitswesen aufzeigen und beseitigen.Gegen gesellschaftliche Spaltung, für einen friedlichen Dialog",
2023-08-07 00:00:00,Dresden,"Montagsdemonstration ""Dresden vereint - Das Original"" an der Torwirtschaft für Frieden, Fr iheit, Tradition",500
2023-08-09 00:00:00,Dresden,Nein zum Heim - Ja zur Heimat!,200
2023-08-11 00:00:00,Dresden,"Aufklärung und Unterschriftensammlung für ""Lassen wir die Kriche im Dorf und die Moschee in Istanbul""",100
2023-08-14 00:00:00,Dresden,"Montagsdemonstration ""Dresden vereint - Das Original"" an der Torwirtschaft für Frieden, Fr iheit, Tradition",500
2023-08-15 00:00:00,Dresden,Brennpunktprotest – NoGo Areas zurückerobern!,200
2023-08-16 00:00:00,Dresden,Art. 20a GG = Leben schützen!,20
2023-08-16 00:00:00,Dresden,"NEIN zum Heim, JA zur Heimat!",200
2023-08-18 00:00:00,Dresden,"Aufklärung und Unterschriftensammlung für ""Lassen wir die Kriche im Dorf und die Moschee in Istanbul""",100
2023-08-18 00:00:00,Dresden,"Palästina, Syrien, Irak, Liebia, Yamen, Afrika, über Flüchtlinge, Verlust und Hunger auf der Erde. Und gegen die Unannehmlichkeiten, die andere verursachen, wenn sie vor die Moschee kommen und Lieder spielen.",200
2023-08-19 00:00:00,Dresden,Galerie der Aufklärung,10
2023-08-21 00:00:00,Dresden,"Montagsdemonstration ""Dresden vereint - Das Original"" an der Torwirtschaft für Frieden, Fr iheit, Tradition",500
2023-08-23 00:00:00,Dresden,aus Liebe zum Überleben!,25
2023-08-24 00:00:00,Dresden,Tag der Unabhängigkeit der Ukraine,300
2023-08-25 00:00:00,Dresden,Lassen wir die Kirche im Dorf und die Moschee in Istanbul,100
2023-08-25 00:00:00,Dresden,"Alle zusammen für Glaubensfreiheit, für sichtbare religiöse Vielfalt, gegen Islamfeindlichkeit",400
2023-08-25 00:00:00,Dresden,Kein islamischer Staat in unserem Land,300
2023-08-28 00:00:00,Dresden,"Montagsdemonstration ""Dresden vereint - Das Original"" an der Torwirtschaft für Frieden, Fr iheit, Tradition",500
2023-08-28 00:00:00,Dresden,KEIN Moschee Neubau in Dresden – Zurück mit euch ins Morgenland!,300
2023-08-30 00:00:00,Dresden,30. August Tag geggen Abschiebehaft Gedenken an Verstorbene in Abschiebehaft,30
2023-08-30 00:00:00,Dresden,Klimakatastrophe zulassen = Verfassungsbruch,25
2023-08-30 00:00:00,Dresden,"Nein zum Heim, Ja zur Heimat!",200
2023-09-01 00:00:00,Dresden,"Das Gesundheitswesen steht auf - für eine gesunde Zukunft. Missstände und Personalmangel im Gesundheitswesen aufzeigen und beseitigen.Gegen gesellschaftliche Spaltung, für einen friedlichen Dialog",500
2023-09-04 00:00:00,Dresden,"Freie Sachsen unterstützen den Neustart beim Montagsprotest in Dresden""",10
2023-09-04 00:00:00,Dresden,Dresden vereint 3.0 - darf´s ne Kelle braune Soße mehr sein?,100
2023-09-04 00:00:00,Dresden,"Montagsdemonstration ""Dresden vereint - Das Original"" an der Torwirtschaft für Frieden, Fr iheit, Tradition",500
2023-09-04 00:00:00,Dresden,Wer schweigt stimmt zu - Zeit für Bürgerverantwortung,300
2023-09-06 00:00:00,Dresden,Art. 20a GG = Leben schützen!,25
2023-09-06 00:00:00,Dresden,"Nein zum Heim, Ja zur Heimat!",300
2023-09-09 00:00:00,Dresden,Autokorso für Frieden und Freiheit,100
2023-09-09 00:00:00,Dresden,"Autokorso Querdenken 351 - jetzt erst Recht, zum Bautzner Friedensfest - MAKE LOVE - NOT WAR!",100
2023-09-10 00:00:00,Dresden,"Tierschutz-Camp für Tier-, Menschenrechte, veganismus und Umweltschutz",50
2023-09-10 00:00:00,Dresden,Keine Ruhe mehr für das Altparteienkartell!,300
2023-09-10 00:00:00,Dresden,Nein zum Heim! Ja zur Heimat,300
2023-09-10 00:00:00,Dresden,"Tierschutz-Camp für Tier-, Menschenrechte, Veganismus und Umwelt_x0002_schutz“ ",
2023-09-11 00:00:00,Dresden,"Montagsdemonstration ""Dresden vereint - Das Original"" an der Torwirtschaft für Frieden, Fr iheit, Tradition",500
2023-09-12 00:00:00,Dresden,Brennpunkt Hinterland ,161
2023-09-13 00:00:00,Dresden,"Nein zum Heim, Ja zur Heimat!",200
2023-09-15 00:00:00,Dresden,"Globaler Klimastreik von Fridays for Future - wir fordern Klimagerechtigkeit, auch in Sachsen",5000
2023-09-15 00:00:00,Dresden,PARK(ing) Day 2023,60
2023-09-15 00:00:00,Dresden ,Globaler Klimastreik ,1000
2023-09-15 00:00:00,Dresden,Brennpunktprotest – NoGo Areas zurückerobern!,
2023-09-15 00:00:00,Dresden,"Die Grüne Parade: Eine Demonstration mit Kindern für die Sicherheit von Kindern im Straßenverkehr. Tempo 30, Zebrastreifen, Spielstraßen -. dies sind unsere Forderungen an die Stadt Leipzig. Wir wünschen uns sichere Schulwege rund um die Eisenbahnstraße",100
2023-09-15 00:00:00,Dresden,Brennpunkt Hinterland ,75
2023-09-16 00:00:00,Dresden,Jahrestag von Mahsa Amini,60
2023-09-18 00:00:00,Dresden ,"Für Frieden, Freiheit, Selbstbestimmung",
2023-09-18 00:00:00,Dresden,Wer schweigt stimmt zu - Zeit für Bürgerverantwortung“,
2023-09-18 00:00:00,Dresden,Auf Radwegen zwischen Loschwitz und Blasewitz - Eilversammlung gegen den Umsetzungsstopp!,100
2023-09-20 00:00:00,Dresden,Protestmarsch der letzten Generation vor den Kipppunkten gegen den fossile Alltag und die Handlungsunfähigkeit der Bundesregierung! Für das 9€-Ticket und ein Tempolimit,25
2023-09-20 00:00:00,Dresden,"Nein zum Heim, Ja zur Heimat!",200
2023-09-24 00:00:00,Dresden,Mit dem Schlauchboot auf der Elbe von Zschieren nach Übigau.,50
2023-09-25 00:00:00,Dresden,Wer schweigt stimmt zu - Zeit für Bürgerverantwortung“,300
2023-09-25 00:00:00,Dresden,"Frieden, Freiheit, Tradition",500
2023-09-25 00:00:00,Dresden,Demonstration gegen Ungerechtigkeiten,10
2023-09-27 00:00:00,Dresden,Protestmarsch der letzten Generation vor den Kipppunkten gegen den fossile Alltag und die Handlungsunfähigkeit der Bundesregierung! Für das 9€-Ticket und ein Tempolimit,25
2023-09-27 00:00:00,Dresden,"Nein zum Heim, Ja zur Heimat!",200
2023-09-28 00:00:00,Dresden,Auf Radwegen zwischen Loschwitz und Blasewitz - Eilversammlung gegen den Umsetzungsstopp!,100
2023-10-02 00:00:00,Dresden,Wer schweigt stimmt zu - Zeit für Bürgerverantwortung ,300
2023-10-03 00:00:00,Dresden,Oktoberveranstaltung AfD,300
2023-10-03 00:00:00,Dresden,Dem Faschismus keine Feier,161
2023-10-04 00:00:00,Dresden,Nein zum Heim - Ja zur Heimat!,200
2023-10-04 00:00:00,Dresden,weg von fossil - hin zu gerecht,25
2023-10-05 00:00:00,Dresden,Stoppt den fossilen Wahnsinn,27
2023-10-06 00:00:00,Dresden,"Das Gesundheitswesen steht auf - für eine gesunde Zukunft. Missstände und Personalmangel im Gesundheitswesen aufzeigen und beseitigen. Gegen gesellschaftliche Spaltung, für einen friedlichen Dialog",2 Fahrzeuge
2023-10-07 00:00:00,Dresden,Isolationshaft beenden - Freiheit für Abdullah Öcalan,20
2023-10-09 00:00:00,Dresden,Wer schweigt stimmt zu- Zeit für Bürgerverantwortung,300
2023-10-09 00:00:00,Dresden,Solidarität mit den Menschen in Israel. Kundgebung gegen den Terror der Hamas,100
2023-10-11 00:00:00,Dresden,weg von fossil - hin zu gerecht,25
2023-10-11 00:00:00,Dresden,"Nein zum heim, Ja zur heimat!",200
2023-10-11 00:00:00,Dresden,Solidarität mit Israel - Gemeinsam gegen den Terror der Hamas,60
2023-10-13 00:00:00,Dresden ,Lassen wir die Kirche im Dorf und die Moschee in Istanbul!!!,40
2023-10-13 00:00:00,Dresden,Der Kohleausstieg ist Nicht Verhandelbar! Klimaschutz auch in Deutschland!,20
2023-10-14 00:00:00,Dresden,Russland raus aus der Ukraine! Kriegsverbrechen ahnden,20
2023-10-14 00:00:00,Dresden,Frieden für Palästina ,500
2023-10-14 00:00:00,Dresden,Solidarität mit Israel - Keine Bühne der Hamas!,250
2023-10-14 00:00:00,Dresden,Solidarität mit den Menschen in Israel. Gegen den Terror der Hamas. Gegen jeden Antisemitismus,50
2023-10-15 00:00:00,Dresden,Russland raus aus der Ukraine! Kriegsverbrechen ahnden,20
2023-10-16 00:00:00,Dresden,Wer schweigt stimmt zu- Zeit für Bürgerverantwortung,300
2023-10-18 00:00:00,Dresden,Weg von fossil hin zu gerecht - Gegen den Verfassungsbruch der Bundesregierung,25
2023-10-18 00:00:00,Dresden,"Nein zum Heim, Ja zur Heimat!",200
2023-10-18 00:00:00,Dresden,Freiheit und safe Gaza,200
2023-10-19 00:00:00,Dresden,Schluss mit dem brutalen Krieg in Israel und Palästina! Entschiedene Verurteilung der faschistischen Hamas und ihres Terrors! Stopp den israelischen Staatsterror gegen die palästinensischen Bevölkerung! Freiheit für Palästina! ,25
2023-10-21 00:00:00,Dresden,Die schweigende Stimme - Die Kinder in Gaza,25
2023-10-22 00:00:00,Dresden,Olof Palme Friedensmarsch ,100
2023-10-22 00:00:00,Dresden,Abriss statt Asylheim - Nein zum Heim - JA zur Heimat!,200
2023-10-22 00:00:00,Dresden,Kein Platz für Brandstifter*innen in Klotzsche! Friedlich und solidarisch miteinander gegen Rechts!,80
2023-10-22 00:00:00,Dresden,Frieden für Gaza.Solidarität mit Paläsina,50
2023-10-23 00:00:00,Dresden,Wer schweigt stimmt zu - Bürgerverantwortung,300
2023-10-25 00:00:00,Dresden,Isolationshaft beenden - Freiheit für Abdullah Öcalan,25
2023-10-25 00:00:00,Dresden,"Nein zum Heim, Ja zur Heimat!",200
2023-10-28 00:00:00,Dresden,ES REICHT mit Reichsfanatisten. Echsen gegen Ätz,10
2023-10-28 00:00:00,Dresden,Heimath und Weltfrieden,500
2023-10-28 00:00:00,Dresden,"Freie Sachsen unterstützen den Protest der Querdenker in Dresden - mit Stefan Trautmann für Frieden, Freiheit und Souveränität""",30
2023-10-28 00:00:00,Dresden,Demo für Frieden und Freiheit - Reformation der Gesellschaft,3000
2023-10-28 00:00:00,Dresden,Kein Platz für rechte Hetze in Dresden,300
2023-10-28 00:00:00,Dresden,"Gegen Rassismus, Antisemitismus, Verschwörunserzählungen - für Wissenschaft, Vielfalt und Toleranz",500
2023-10-30 00:00:00,Dresden,Wer schweigt stimmt zu - Zeit für Bürgerverantwortung,300
2023-10-31 00:00:00,Dresden,Interreligiöses Friedensgebet,150
2023-11-01 00:00:00,Dresden,"Nein zum Heim, Ja zur Heimat!",200
2023-11-03 00:00:00,Dresden,"Das Gesundheitswesen steht auf - für eine gesunde Zukunft. Missstände und Personalmangel im Gesundheitswesen aufzeigen und beseitigen. Gegen gesellschaftliche Spaltung, für einen friedlichen Dialog",2 Fahrzeuge
2023-11-03 00:00:00,Dresden,Aufarbeitung der Coronazeit und -maßnahmen,20
2023-11-04 00:00:00,Dresden,Freiheit für Palästina. Freiheit für Gaza.,700
2023-11-06 00:00:00,Dresden,Wer schweigt stimmt zu - Zeit für Bürgerverantwortung,300
2023-11-06 00:00:00,Dresden,Gegen Glaubenskriege auf deutschem Boden,1000
2023-11-06 00:00:00,Dresden,Björn Höcke ist ein Nazi ,30
2023-11-06 00:00:00,Dresden,Kein Fußbreit dem Quergida-Faschismus!,500
2023-11-06 00:00:00,Dresden,Schutz der Zukunft unserer Kinder,20
2023-11-06 00:00:00,Dresden,"Gegen Rassismus, Antisemitismus und Verschwörungserzählungen – für Wissenschaft, Vielfalt und Toleranz“",500
2023-11-06 00:00:00,Dresden,"Freie Sachsen und Stefan Trautmann unterstützen den Montagsprotest am Kulturpalast!""",20
2023-11-07 00:00:00,Dresden,Freiheit für Gaza. Internationale Solidarität mit Palästina,200
2023-11-08 00:00:00,Dresden,"Nein zum Heim, Ja zur Heimat!",200
2023-11-09 00:00:00,Dresden,Denkorte: Erinnerung und Mahnung ,50
2023-11-09 00:00:00,Dresden ,Gedenkweg Pogromnacht 1938,50
2023-11-13 00:00:00,Dresden ,Der Kohleausstieg ist Nicht Verhandelbar! Klimaschutz auch in Deutschland!,20
2023-11-13 00:00:00,Dresden,Wer schweigt stimmt zu - Zeit für Bürgerverantwortung“,300
2023-11-13 00:00:00,Dresden,"Freiheit für Palästina, Freiheit für Gaza",400
2023-11-15 00:00:00,Dresden,"Letzte Generation - ""weg von Fossil hin zu gerecht"" Für ein Ende fossiler Subventionen + eine verfassungsgemäße sozial gerechte Klimapolitik",20
2023-11-15 00:00:00,Dresden,"Nein zum Heim, Ja zur Heimat!",200
2023-11-18 00:00:00,Dresden,Kerzenlichtmahnwache für den Frieden in Gaza,30
2023-11-20 00:00:00,Dresden,Wer schweigt stimmt zu - Zeit für Bürgerverantwortung“,300
2023-11-20 00:00:00,Dresden,Der EU-Spitzenkandidat der AfD ist ein Frauen und queere Menschen verachtender rechter Hetzer!,100
2023-11-22 00:00:00,Dresden,Gemeinsam gegen Gewalt an Frauen,
2023-11-22 00:00:00,Dresden,"Nein zum Heim, Ja zur Heimat!",200
2023-11-22 00:00:00,Dresden,"Solidarisch gegen rechte Hetze
",20
2023-11-22 00:00:00,Dresden,"Ja zum Heim, nein zum Hetze!",50
2023-11-25 00:00:00,Dresden,Aktionstag gegen patriarchale Gewalt,100
2023-11-25 00:00:00,Dresden,Gedenken der Opfer des Holodomor (Hungersnot) in der Ukraine,200
2023-11-25 00:00:00,Dresden,Aktionstag gegen patriarchale Gewalt,100
2023-11-25 00:00:00,Dresden,"Freiheit für Palästina, Freiheit für Gaza",500
2023-11-26 00:00:00,Dresden,Nein zur GEAS Reform ,100
2023-11-27 00:00:00,Dresden,Wer schweigt stimmt zu - Zeit für Bürgerverantwortung,300
2023-11-29 00:00:00,Dresden,Kundgebung anlässlich des Apothekenprotesttages,2000
2023-11-29 00:00:00,Dresden,"""weg von fossil, hin zu gerecht"" - für eine sozial gerechte und das Leben schützende klimapolitik gemäß Art. 20a Grundgesetz und damit für den Ausstieg aus allen fossilen und anderen umweltschädlichen Subventionen",25
2023-11-29 00:00:00,Dresden,"Letzte Generation - ""weg von Fossil hin zu gerecht"" ",25
2023-11-29 00:00:00,Dresden,"Nein zum Heim, Ja zur Heimat!",200
2023-12-01 00:00:00,Dresden,"Das Gesundheitswesen steht auf - für eine gesunde Zukunft. Missstände und Personalmangel im Gesundheitswesen aufzeigen und beseitigen. Gegen gesellschaftliche Spaltung, für einen friedlichen Dialog",300
2023-12-01 00:00:00,Dresden,Schwurbeln gefährdet das Gesundheitswesen! Echsenmenschen für Aufklärung.,10
2023-12-01 00:00:00,Dresden,Schwurbeln gefährdet das Gesundheitswesen! Echsenmenschen für Aufklärung.,10
2023-12-02 00:00:00,Dresden,Freiheit für Palästina,250
2023-12-04 00:00:00,Dresden,Wer schweigt stimmt zu - Zeit für Bürgerverantwortung,300
2023-12-06 00:00:00,Dresden,"Nein zum Heim, Ja zur Heimat!",200
2023-12-06 00:00:00,Dresden,"Nachbarschaft leben, Schutzbedürftige willkommen heißen!",30
2023-12-10 00:00:00,Dresden ,"Gegen die Entrechtung der Geflüchteten - Für ein Europa, das Brücken baut",400
2023-12-11 00:00:00,Dresden,Wer schweigt stimmt zu - Zeit für Bürgerverantwortung,300
2023-12-11 00:00:00,Dresden,Gegen Antisemitismus und rechte Hetze auf dem Schlossplatz an Chanukka,50
2023-12-13 00:00:00,Dresden,"Nein zum Heim, Ja zur Heimat!",200
2023-12-13 00:00:00,Dresden,Am 13. Februar Nazis stoppen,25
2023-12-13 00:00:00,Dresden,"Letzte Generation - weg von fossil, hin zu gerecht - für eine sozial gerechte und das Lebens chützende Klimapolitik gemäß Art. 20a Grundgesetz und damit für den Ausstieg aus allen fossilen und anderen umwelt- und gesundheitsschädlichen Subventionen",20
2023-12-13 00:00:00,Dresden,Kein Platz für Brandstifter*innen in Klotzsche! Friedlich und solidarisch miteinander gegen Rechts!,80
2023-12-14 00:00:00,Dresden,"DRESDEN sagt NEIN zum Heim, JA zur Heimat!",200
2023-12-14 00:00:00,Dresden,"Mahnwache - Dresden bleibt sicherer Hafen und hat Platz und Möglichkeiten, seinen Verpflichtungen nachzukommen.",30
2023-12-15 00:00:00,Dresden,Freiheit für Palästina. Freiheit für Gaza!,200
2023-12-16 00:00:00,Dresden / Wilsdruff / Bannewitz ,"Autokorso gegen LKW Maut, CO2 Steuer und Mehrwertsteuererhöhung",300
2023-12-16 00:00:00,Dresden,Solidarisch wie noch nie - Antiautoritäte Perspektiven erkämpfen,200
2023-12-16 00:00:00,Dresden,Autonomer Morgensport,80
2023-12-18 00:00:00,Dresden,Gegen Glaubenskriege auf deutschem Boden,1000
2023-12-18 00:00:00,Dresden,Für Demokratie und Menschenrechte ,1500
2023-12-18 00:00:00,Dresden,"Nein zum Heim, Ja zur Heimat!",200
2023-12-18 00:00:00,Dresden,"FREIE SACHSEN unterstützen PEGIDA und den Dresdner Montagsprotest - mit Michael Brück für Frieden, Freundschaft und Zusammenhalt.",20
2023-12-18 00:00:00,Dresden,Herz statt Hetze ,500
2023-12-18 00:00:00,Dresden,Wer schweigt stimmt zu - Zeit für Bürgerverantwortung,300
2023-12-18 00:00:00,Dresden,"Für Frieden, Asyl-Lüge beenden",30
2023-12-18 00:00:00,Dresden,Kein Fußbreit dem Quergida-Faschismus!,500
2023-12-18 00:00:00,Dresden,Solidarisch gegegn Rassismus,100
2023-12-18 00:00:00,Dresden,"Gegen jeden Antisemitismus und rassistische, neonazistische Hetze",50
2023-12-18 00:00:00,Dresden,"Gegen jeden Antisemitismus und rassistische, neonazistische Hetze",
2023-12-19 00:00:00,Dresden,Klimaschutz ist kein Verbrechen,20
2023-12-20 00:00:00,Dresden,"Nein zum Heim, Ja zur Heimat!",200
2023-12-29 00:00:00,Dresden,Nationalismus raus aus den Köpfen!,800
2023-12-30 00:00:00,Dresden,Freiheit für Palästina. Freiheit für Gaza,200
2023-12-31 00:00:00,Dresden,Solidarität zu Silvester - das Knastsystem überwinden,40
