Datum,Uhrzeit,Thema,Standort/Strecke,Personenzahl
02.01.,18.00-19.45,Politik führt uns in die Armut,Aufzug/Exerzierplatz,ca. 20
04.01.,19.00-20.30,Räuming und Rodung des Dorfes Lützerath,Aufzug/Platz der Kieler Matrosen,20-100
05.01.,16.30-18.00,"Redlicher, unabhängiger und multipolarer Journalismus",NDR-Landesfunkhaus,max. 20
05.01.,17.00-18.00,"Redlicher, unabhängiger und multipolarer Journalismus",Kieler Nachrichten,max. 20
07.01.,15.00-17.00,Politik führt uns in die Armut,Aufzug/Exerzierplatz,ca. 20
07.01.,15.00-19.00,Iran Solidarität,Aufzug/Bahnhofsvorplatz,100-200
09.01.,18.00-19.45,Politik führt uns in die Armut,Aufzug/Exerzierplatz, 20
12.01.,16.30-18.00,"Redlicher, unabhängiger und multipolarer Journalismus",NDR-Landesfunkhaus,max. 20
12.01.,17.00-18.00,"Redlicher, unabhängiger und multipolarer Journalismus",Kieler Nachrichten,max. 20
14.01.,15.00-19.00,Iran Solidarität,Aufzug/Bahnhofsplatz,100-200
14.01.,15.00-17.30,Gehen bald die Lichter aus?,Aufzug/Exerzierplatz,200
16.01.,18.00-19.45,Politik führt uns in die Armut,Aufzug/Exerzierplatz,20
19.01.,16.30-18.00,"Redlicher, unabhängiger und multipolarer Journalismus",NDR-Landesfunkhaus,max. 20
19.01.,17.00-18.00,"Redlicher, unabhängiger und multipolarer Journalismus",Kieler Nachrichten,max. 20
21.01.,13.45-16.15,"1,5 Grad-Ziel einhalten",Aufzug/Platz der Kieler Matrosen,150
21.01.,15.00-17.30,Politik führt uns in die Armut,Aufzug/Exerzierplatz,20
21.01.,15.00-16.00,Solidarität mit dem Iran,Aufzug/Gaardener Ring,ca. 100
23.01.,18.00-19.45,Politik führt uns in die Armut,Aufzug/Exerzierplatz,20
23.01.,17.00-18.00,Lohnerhöhungen beim AWO-KV Kiel,Preetzer Straße 35/Räucherei,80
26.01.,16.30-18.00,"Redlicher, unabhängiger und multipolarer Journalismus",NDR-Landesfunkhaus,max. 20
26.01.,17.00-18.00,"Redlicher, unabhängiger und multipolarer Journalismus",Kieler Nachrichten,max. 20
26.01.,18.00-19.00,"Ermahnung der Bundesregierung zum ""Ja-Votum"" für eine Terrorlistung der IRGC (Islamic Revolutionary Guards Corps) ",Legienstraqße 27,50
28.01.,13.00-16-00,Schleswig-Holstein solidarisiert sich mit Iran,Platz der Kieler Matrosen/Bahnhofsplatz,1.000
28.01.,17.00-20.00,Gehen bald die Lichter aus?,Aufzug/Exerzierplatz,200
30.01.,18.00-19.45,Politik führt uns in die Armut,Aufzug/Exerzierplatz,20
02.02.,16.30-18.00,Ein Zeichen für Ehrlichkeit und Unabhängikeit in den Medien (ARD-Mahnwache),NDR-Landesfunkhaus,10-20
02.02.,17.00-18.00,Ein Zeichen für Ehrlichkeit und Unabhängikeit in den Medien (ARD-Mahnwache),Kieler Nachrichten,10-20
04.02.,15.00-17.00,Politik führt uns in die Armut,Aufzug/Exerzierplatz,30
04.02.,10.00-17.00,Gegen die Isolation von Abdullah Öcalan,Aufzug/Skatepark Mettenhof,ca. 100
04.02.,12.00-15.00,Mahnwache gegen Massentierhaltung,Berliner Platz/Wasserbecken,20
05.02.,10.00-17.00,Gegen die Isolation von Abdullah Öcalan,Aufzug/Parkplatz Schleusenstraße,ca. 100
06.02.,12.00-15.00,Internationaler Tag gegen weibliche Genitalbeschneidung,Alter Markt 17,50
06.02.,18.00-19.45,Politik führt uns in die Armut,Aufzug/Exerzierplatz,20
09.02.,16.30-18.00,Ein Zeichen für Ehrlichkeit und Unabhängikeit in den Medien (ARD-Mahnwache),NDR-Landesfunkhaus Schlossplatz,10-20
09.02.,16.30-18.00,Ein Zeichen für Ehrlichkeit und Unabhängikeit in den Medien (ARD-Mahnwache),"NDR-Landesfunkhaus
Wall",10-20
11.02.,15.00-17.20,Gehen bald die Lichter aus?,Aufzug/Exerzierplatz,150
11.02.,15.00-17.30,Werbung für den Klimastreik am 03.03.,Rathausplatz/Opernhaus,50
11.02.,11.00-17.00,Verfolgung von Falun Dalfa und die Verbrechen der KP Chinas,Schevenbrücke,3-5
13.02.,18.00-19.30,Diplomaten statt Waffen,Aufzug/Exerzierplatz,20
14.02.,09.00-10.30,Streik/Tarifrunde öffentlicher Dienst,Aufzug/Stadtwerke Kiel > SKK,300
15.02.,09.00-12.00,Streik/Tarifrunde öffentlicher Dienst,Aufzug/Gewerkschaftshaus,600
15.02.,12.00-17.00,Gegen die Blockade von hilfslieferungen durch die türkische und syrische Regierung - Spendet an den kurdischen roten Halbmond,Schevenbrücke,10
16.02.,16.30-18.00,Ein Zeichen für Ehrlichkeit und Unabhängikeit in den Medien (ARD-Mahnwache),NDR-Landesfunkhaus Schlossplatz,10-20
16.02.,16.30-18.00,Ein Zeichen für Ehrlichkeit und Unabhängikeit in den Medien (ARD-Mahnwache),"NDR-Landesfunkhaus
Wall",10-20
18.02.,14.00-17.00,Gegen die Blockade von hilfslieferungen durch die türkische und syrische Regierung - Spendet an den kurdischen roten Halbmond,Asmus Bremer-Platz,50
18.02.,15.00-17.45,Diplomaten statt Waffen,Aufzug/Exerzierplatz,40
19.02.,15.00-17.00,Hanau ist überall - Gedenkveranstaltung,Asmus Bremer-Platz,100
20.02.,18.00-19.45,Diplomaten statt Waffen,Aufzug/Exerzierplatz,30
21.02.,08.00-09.00,Unbefristete Übernahme jetzt oder die Stühle bleiben leer (Fotoaktion),"KAV SH, Reventlouallee 6",9
22.02.,18.00-20.00,Gedenken an die Opfer des Erdbebens in der Südtürkei und Nordsyrien,Rathausplatz,500
22.02.,17.00-18.30,Gegen Verschwörinungideologen Daniele Ganser,Schevenbrücke,50-80
22.02.,15.00-18.00,Hohe Energiekosten,Elisabethstraße 76,10
23.02.,16.30-18.00,Ein Zeichen für Ehrlichkeit und Unabhängikeit in den Medien (ARD-Mahnwache),NDR-Landesfunkhaus Schlossplatz,10-20
23.02.,16.30-18.00,Ein Zeichen für Ehrlichkeit und Unabhängikeit in den Medien (ARD-Mahnwache),"NDR-Landesfunkhaus
Wall",10-20
24.02.,16.30-19.00,Gedenken an den Beginn des russischen Angriffskrieges,Aufzug/Platz der Kieler Matrosen,1.000-1.500
24.02.,15.00-16.00,1 Jahr Krieg in der Ukraine - wachsende Weltkriegsgefahr,Schevenbrücke,15
24.02.,12.00-17.00,Gegen die Blockade von hilfslieferungen durch die türkische und syrische Regierung - Spendet an den kurdischen roten Halbmond,Asmus Bremer-Platz,10
24.02.,12.00-18.00,Ukraine-Krieg,Holstenplatz,max. 25
25.02.,15.00-18.00,Gehen bald die Lichter aus?,Aufzug/Exerzierplatz,100
27.02.,15.00-18.00,Diplomaten statt Waffen,Aufzug/Exerzierplatz,20
01.03.,07.45-13.00,TVöD Azubi-Streiktag,Rathausplatz,ca. 250
01.03.,17.00-18.30,Gegen Verschwörungsideologen Daniele Ganser,Schevenbrücke,50-80
02.03.,9.00-13.00,Einkommensrunde im öffentlichen Dienst,Aufzug/Wunderino-Arena,ca. 700
02.03.,16.30-18.00,Ein Zeichen für Ehrlichkeit und Unabhängikeit in den Medien (ARD-Mahnwache),NDR-Landesfunkhaus,10-20
02.03.,16.30-18.00,Ein Zeichen für Ehrlichkeit und Unabhängikeit in den Medien (ARD-Mahnwache),"NDR-Landesfunkhaus
Wall",10-20
02.03.,13.00-17.00,Spenden kurdischer roter Halbmond/Erdbebenhilfe/Internationale Solidarität,Asmus Bremer-Platz,10
03.03.,16.15-18.00,"Parade und Feier anlässlich des fünfjährigen Bestehens des Fantasiestaats ""United Republic of Obscurium""",Aufzug/Bushaltestelle Kastanienallee,ca. 10
03.03.,14.00-18.00,Klimagerechtigkeit,Aufzug/Exerzierplatz,2.000
03.03.,13.30-14.00,Klimagerechtigkeit,Aufzug/Audimax,10
03.03.,13.30-14.00,Klimagerechtigkeit,Aufzug//Melanchtonstraße/Kirch-hofallee,10
03.03.,13.15-14.00,Zubringerdemo People for Future Kiel zur Klimademo,Seefischmarkt 1-5,10
03.03.,13.15-14.00,Klimagerechtigkeit,Aufzug/Waldorfschule Hofholzallee,10
04.03.,12.00-15.00,Abschaffung der Massentierhaltung,Berliner Platz/Wasserbecken,15
04.03.,15.00-18.00,Diplomaten statt Waffen,Aufzug/Exerzierplatz,30
04.03.,08.00-13.00,Jahrestag der Reaktorkatastrophe in Fukushima,Exerzierplatz,20
05.03.,14.00-15.00,Abschiebungen in die Türkei stoppen,Berliner Platz/Wasserbecken,20-30
06.03.,18.00-19.45,Diplomaten statt Waffen,Aufzug/Exerzierplatz,ca. 25
08.03.,17.00-21.01,Wie gefährlich sind Verschwörungstheorien,Aufzug/Exerzierplatz,150
08.03.,16.00-18.30,Feministischer Kampftag/Weltfrauentag,Aufzug/Platz der Kinderrechte,ca. 500
08.03.,08.00-09.30,Lohnerhöhungen beim AWO-KV Kiel,Aufzug/AWO Preetzer Str. 35,120
08.03.,18.00-19.00,Initiative MieterInnen wehren sich,Ostring/H.C. Andersen-Schule,20-50
09.03.,16.30-18.00,Ein Zeichen für Ehrlichkeit und Unabhängikeit in den Medien (ARD-Mahnwache),NDR-Landesfunkhaus,10-20
09.03.,16.30-18.00,Ein Zeichen für Ehrlichkeit und Unabhängikeit in den Medien (ARD-Mahnwache),"NDR-Landesfunkhaus
Wall-Brücke",10-20
09.03.,15.00-19.00,Ausstieg aus fossiler Energie,Kurt Schumacher-Platz,10
11.03.,15.00-18.00,Gehen bald die Lichter aus?,Aufzug/Exerzierplatz,100
11.03.,13.00-15.00,"Preise runter, Krisenprofiteure enteignen, Langness zur Kasse!",Eichkamp/Markant,50
11.03.,08.00-13.00,Jahrestag der Reaktorkatastrophe in Fukushima,Exerzierplatz,ca. 200
13.03.,18.00.19.30,Politik führt uns in die Armut,Aufzug/Exerzierplatz,25
15.03.,09.00-10.00,Streik im Städtischen Krankenhaus ,Aufzug/SKK,Godau
16.03.,16.30-18.00,Ein Zeichen für Ehrlichkeit und Unabhängikeit in den Medien (ARD-Mahnwache),"NDR-Landesfunkhaus
",10-20
16.03.,16.30-18.00,Ein Zeichen für Ehrlichkeit und Unabhängikeit in den Medien (ARD-Mahnwache),"NDR-Landesfunkhaus                                      
Wall-Brücke",10-20
16.03.,17.00-18.30,TVöD für alle im Sozial- und Erziehungsdienst,Aufzug/Rathausplatz,80
18.03.,15.00-17.45,Diplomaten statt Waffen,Aufzug/Exerzierplatz,30
18.03.,15.00-17.00,Jahrestag der Besetzung von Afrin,Asmus Bremer-Platz,ca. 200
20.03.,18.00.19.45,Politik führt uns in die Armut,Aufzug/Exerzierplatz,20
21.03.,17.00-21.00,Kurdisches Neujahrsfest Newroz,Skatepark Mettenhof,ca. 300
21.03.,12.30-14.30,Milch- und Grünland-Offensive,Landwirtschaftsministerium,15
21.03.,16.00-17.00,Symbolische Straßenumbenennung zum internationalen Tag gegen Rassismus,Iltisstraße/Gazellestraße,30
22.03.,18.00-20.00,CDU-Generalsekretär Lukas Kilian zu Gast,Holtenauer Str. 14/26,40-50
23.03.,16.30-18.00,Ein Zeichen für Ehrlichkeit und Unabhängikeit in den Medien (ARD-Mahnwache),"NDR-Landesfunkhaus
Wall",10-20
23.03.,16.30-18.00,Ein Zeichen für Ehrlichkeit und Unabhängikeit in den Medien (ARD-Mahnwache),"NDR-Landesfunkhaus
Wall-Brücke",10-20
24.03.,09.00-09.40,Streik SKK,Aufzug/Chemnitzstraße 33,100
24.03.,09.30-12.00,Streik im öD,Aufzug/Legienstraße,800
24.03.,09.00-12-00,Streikim öD,Aufzug/Uhlenkrog 32,450
25.03.,15.00-17.30,Gehen bald die Lichter aus?,Aufzug/Exerzierplatz,70
27.03.,18.00-19.45,Diplomaten statt Waffen,Aufzug/Exerzierplatz,20
27.03.,05.30-08.30,Warnstreik EvG,Aufzug/Bahnhofsplatz,100
30.03.,16.30-18.00,Ein Zeichen für Ehrlichkeit und Unabhängikeit in den Medien (ARD-Mahnwache),"NDR-Landesfunkhaus
Wall-Brücke",10-20
30.03.,16.30-18.00,Ein Zeichen für Ehrlichkeit und Unabhängikeit in den Medien (ARD-Mahnwache),"NDR-Landesfunkhaus
Wall-Brücke",10-20
01.04.,11.00-17.00,Verfolgung von Falun Dalfa und die Verbrechen der KP Chinas,Schevenbrücke,3-5
01.04.,09.00-13.00,Werbung Ostermarsch/Aktuelles Friedensbewegung,Exerzierplatz,ca. 20
01.04.,15.00-17.30,Diplomaten statt Waffen,Aufzug/Exerzierplatz,30
03.04.,18.00-19.40,Politik führt uns in die Armut,Aufzug/Exerzierplatz,20
06.04.,16.30-18.00,Ein Zeichen für Ehrlichkeit und Unabhängikeit in den Medien (ARD-Mahnwache),NDR-Landesfunkhaus                    Wall-Brücke,20
06.04.,16.30-18.00,Ein Zeichen für Ehrlichkeit und Unabhängikeit in den Medien (ARD-Mahnwache),NDR-Landesfunkhaus                   Schlossplatz,20
08.04.,12.00-15.00,"traditioneller Ostermarsch, Aktuelles aus der Friedenspolitik","NDR-Landesfunkhaus
Wall-Brücke",ca. 200
08.04.,15.00-17.45,Gehen bald die Lichter aus?,Aufzug/Exerzierplatz,60
10.04.,18.00-20.00,Politik führt uns in die Armut,Aufzug/Exerzierplatz,20
13.04.,16.00-18.00,Ein Zeichen für Ehrlichkeit und Unabhängikeit in den Medien (ARD-Mahnwache),NDR-Landesfunkhaus                    Wall-Brücke,20
13.04.,16.00-18.00,Ein Zeichen für Ehrlichkeit und Unabhängikeit in den Medien (ARD-Mahnwache),NDR-Landesfunkhaus                   Schlossplatz,20
13.04.,09:30-13.00,1.000 Kraniche für den Atomausstieg,Hiroshimapark,20
14.04.,12.00-13.00,Atomkraft,Europaplatz/Schevenbrücke,10
15.04.,15.00-17.30,Politik führt uns in die Armut,Aufzug/Exerzierplatz,30
17.04.,16.00-17.00,LEG-Mieter wehren sich,Tonberg 15/Güterbahnhof,25
17.04.,18.00-19.45,Politik führt uns in die Armut,Aufzug/Exerzierplatz,20
20.04.,16.00-18.00,Ein Zeichen für Ehrlichkeit und Unabhängikeit in den Medien (ARD-Mahnwache),NDR-Landesfunkhaus                    Wall-Brücke,20
20.04.,16.00-18.00,Ein Zeichen für Ehrlichkeit und Unabhängikeit in den Medien (ARD-Mahnwache),NDR-Landesfunkhaus                   Schlossplatz,20
21.04.,18.00-20.00,Daniel Günther in Kiel,Holtenauer Str. 26,ca. 30
21.04.,10.45-12.00,"Beginnende Volksinitiative, direkte Demokratie auf kommunaler Ebene",Rathausplatz,20-30
21.04.,08.00-10.00,Warnstreik EVG,Bahnhofsplatz,40
22.04.,15.30-19.30,Sozial-ökologische Mobilitätswende,Aufzug/Exerzierplatz,300
22.04.,11.00-16.00,Menschenkette für den Frieden,Holstenstraße/Berliner Platz,3-20
22.04.,11.15-13.45,Gegen Krise und rechte Hetze,Langer Rehm 22/Rewe,15
22.04.,15.00-17.30,Politik führt uns in die Armut,Aufzug/Exerzierplatz,30
23.04.,13.30-17.30,"Umnutzung von Parkflächen, urbaner Raum, Mobilität, Flächenverbrauch, Vernetzung der Kielerinnen und Kieler",Parklplatz Bernhard Harms-Weg,3
24.04.,18.00-19.40,Politik führt uns in die Armut,Aufzug/Exerzierplatz,20
27.04.,16.00-18.00,Ein Zeichen für Ehrlichkeit und Unabhängikeit in den Medien (ARD-Mahnwache),NDR-Landesfunkhaus                    Wall-Brücke,20
27.04.,16.00-18.00,Ein Zeichen für Ehrlichkeit und Unabhängikeit in den Medien (ARD-Mahnwache),NDR-Landesfunkhaus                   Schlossplatz,20
28.04.,18.30-20.15,"Danke für nichts, treten Sie bitte zurück, Herr Habeck",Kaistraße/Hafenstraße,40
29.04.,16.00-17.30,"Gegen die Einschnitte bei der kommunalen Demokratie in SH: Keine Einschränkung bei Bürgerbegehren und Bürgerentscheiden, keine Erhöhung der Mindestgröße für Fraktionen",Aufzug/Rathausplatz,50-100
29.04.,11.00-17.00,Verfolgung von Falun Dalfa und die Verbrechen der KP Chinas,Schevenbrücke,3-5
29.04.,15.00-17.30,Politik führt uns in die Armut,Aufzug/Exerzierplatz,30
30.04.,16.00-17.30,Schutz der Meere,Aufzug/Stresemannplatz,100 (?)
30.04.,17.30-20.00,Wir kämpfen gemeinsam - Heraus zum 1. Mai!,Aufzug Vinetaplatz,300
01.05.,15.00-17.30,Politik führt uns in die Armut,Aufzug/Exerzierplatz,30
01.05.,09.15-13.30,Tag der Arbeit,Aufzug/Legienstraße > Rathausplatz,1.500-2.000
04.05.,16.00-18.00,Ein Zeichen für Ehrlichkeit und Unabhängikeit in den Medien (ARD-Mahnwache),NDR-Landesfunkhaus                   Schlossplatz,20
04.05.,16.00-18.00,Ein Zeichen für Ehrlichkeit und Unabhängikeit in den Medien (ARD-Mahnwache),NDR-Landesfunkhaus                   Wall-Brücke,20
05.05.,16.00-19.00,Kommunalwahlen müssen Klimawahlen sein,Asmus Bremer-Platz,20
06.05.,12.00-22.00,Autofreie Rotation,Medusastraße,100
06.05.,15.00-17.30,Politik führt uns in die Armut,Aufzug/Exerzierplatz,30
06.05.,12.00-15.00,Abschaffung der Massentierhaltung,Berliner Platz/Holstenstraße,15
07.05.,10.00-19.00,Malen eines Kreidebilds zur Kommunalwahl,Vinetaplatz,20
07.05.,15.00-16.30,Gegen Femizide,Kielinie/Reventlouwiese (Sektoren B5/6),50
08.05.,18.00-19.30,Politik führt uns in die Armut,Aufzug/Exerzierplatz,20
09.05.,17.00-20.00,"Umnutzung von Parkflächen, urbaner Raum, Mobilität, Flächenverbrauch, Vernetzung der Kielerinnen und Kieler",Blücherplatz,ca. 20
11.05.,16.00-18.00,Ein Zeichen für Ehrlichkeit und Unabhängikeit in den Medien (ARD-Mahnwache),NDR-Landesfunkhaus                    Wall-Brücke,20
11.05.,16.00-18.00,Ein Zeichen für Ehrlichkeit und Unabhängikeit in den Medien (ARD-Mahnwache),NDR-Landesfunkhaus                   Schlossplatz,20
12.05.,16.00-19.00,Parking Day,Exerzierplatz,40
12.05.,14.00-22.00,"Abschlusskundgebung ""die Basis"" zur Kommunalwahl",Schevenbrücke,
12.05.,16.00-18.35,Protestmarsch Letzte Generation,CAU,30
13.05.,14.00-17.00,Sichtbarkeit schaffen für Queerfeindlichkeit,Blücherplatz,50
13.05.,17.50-22.45,"Autofreie Innenstädte, autofreies Fahren",Bergstraße,100
13.05.,14.45-18.00,Frieden und Musik,Kiellinie,> 5 
13.05.,15.00-17.40,Politik führt uns in die Armut,Aufzug/Exerzierplatz,30
14.05.,12.00-14.00,Dragwalk anlässlich des IDAHOBIT am 17.05.,Aufzug/Platz der Kieler Matrosen,100
15.05.,18.00-19.45,Politik führt uns in die Armut,Aufzug/Exerzierplatz,25
18.05.,16.00-18.00,Ein Zeichen für Ehrlichkeit und Unabhängikeit in den Medien (ARD-Mahnwache),NDR-Landesfunkhaus                    Wall-Brücke,20
18.05.,16.00-18.00,Ein Zeichen für Ehrlichkeit und Unabhängikeit in den Medien (ARD-Mahnwache),NDR-Landesfunkhaus                   Schlossplatz,20
20.05.,15.00-17.45,Diplomatie statt Waffen,Aufzug/Exerzierplatz,40
20.05.,15.00-17.00,Solidarität mit der Revolution im Irak,Asmus Bremer-Platz,150
22.05.,18.00-19.30,Politik führt uns in die Armut,Aufzug/Exerzierplatz,20
24.05.,11.00-14.00,Streik anlässlich Tarifrunden Groß- und Einzelhandel (SH und MV) sowie Einzelhandel (SH),Aufzug/Platz der Kieler Matrosen,500
25.05.,16.00-18.00,Ein Zeichen für Ehrlichkeit und Unabhängikeit in den Medien (ARD-Mahnwache),NDR-Landesfunkhaus                    Wall-Brücke,20
25.05.,16.00-18.00,Ein Zeichen für Ehrlichkeit und Unabhängikeit in den Medien (ARD-Mahnwache),NDR-Landesfunkhaus                   Schlossplatz,20
27.05.,15.00-17.30,Politik führt uns in die Armut,Aufzug/Exerzierplatz,20
29.05.,18.00-19.45,Politik führt uns in die Armut,Aufzug/Exerzierplatz,20
29.05.,12.30-15.30,koloniale Kontinuitäten in Bezug auf den Container Fernverkehr,Strand Mönkeberg (Kreis Plön)/Fördeüberquerung,23-30
29.05.,13.00-16.00,Umweltzerstörung und Waldrodung,Aufzug/Kiellinie Höhe Sporthafen Seeburg,70
31.05.,16.00-18.00,Gegen staatliche Repressionen - Solidarität mit der letzten Generation,Aufzug/Audimax,100
01.06.,08.00-11.00,"Milchbauern baden aus, was die Politik versäumt hat",vor dem Landtag,20-30
01.06.,16.00-18.00,Ein Zeichen für Ehrlichkeit und Unabhängikeit in den Medien (ARD-Mahnwache),NDR-Landesfunkhaus                   Wall-Brücke,20
01.06.,16.00-18.00,Ein Zeichen für Ehrlichkeit und Unabhängikeit in den Medien (ARD-Mahnwache),NDR-Landesfunkhaus                   Schlossplatz,20
02.06.,13.00-13.30,Warnstreik bei Wulff Textil Service,Bunsenstraße 27,50
03.06.,15.00-17.30,Politik führt uns in die Armut,Aufzug/Exerzierplatz,20
05.06.,15.00-17.30,Politik führt uns in die Armut,Aufzug/Exerzierplatz,20
08.06.,16.00-18.00,Ein Zeichen für Ehrlichkeit und Unabhängikeit in den Medien (ARD-Mahnwache),NDR-Landesfunkhaus                   Wall-Brücke,20
08.06.,16.00-18.00,Ein Zeichen für Ehrlichkeit und Unabhängikeit in den Medien (ARD-Mahnwache),NDR-Landesfunkhaus                   Schlossplatz,20
08.06.,08.00-18.00,ParkingDay 2023 CAU,Olshausenstr. 40,80
08.06.,15.15-16.30,Lohnerhöhungen beim AWO-KV Kiel ,Aufzug/Gewrkschaftshaus,150
08.06.,18.00-19.30,Gegen den Asylkompromiss 2.0,Holstenstraße zw. Europaplatz und Asmus-Bremer-Platz,50
10.06.,15.00-17.30,Flaschenpfand ist keine Rente,Aufzug/Exerzierplatz,30
11.06.,17.00-18.30,GEAS Reform,Aufzug Europaplatz,200
12.06.,18.00-19.30,Politik führt uns in die Armut,Aufzug/Exerzierplatz,20
15.06.,16.00-18.00,Ein Zeichen für Ehrlichkeit und Unabhängikeit in den Medien (ARD-Mahnwache),NDR-Landesfunkhaus                   Wall-Brücke,20
15.06.,16.00-18.00,Ein Zeichen für Ehrlichkeit und Unabhängikeit in den Medien (ARD-Mahnwache),NDR-Landesfunkhaus                   Schlossplatz,20
16.06.,15.00-20.00,"Umnutzung von Parkflächen, urbaner Raum, Mobilität, Flächenverbrauch, Vernetzung der Kielerinnen und Kieler",Aufzug/St.Nikolai,20
17.06.,15.00-17.30,Flaschenpfand ist keine Rente,Aufzug/Exerzierplatz,25
17.06.,16.00-21.00,"Umnutzung von Parkflächen, Bevorzugung des Autoverkehrs",Weißenburgstraße 22/Ecke Metzstraße,3/ca. 20
19.06.,18.00-19.30,Diplomatie statt Waffen,Aufzug/Exerzierplatz,20
20.06.,17.00-19.00,European Border Action - Menschenrechtsverletzungen an Europas Außengrenzen,Aufzug/Schloßgarten,100
21.06.,9.00-18.00,Mahnwache gegen den Krieg/Frieden schaffen ohne Waffen,Kiellinie/BW-Truck,10
22.06.,16.00-18.00,Ein Zeichen für Ehrlichkeit und Unabhängikeit in den Medien (ARD-Mahnwache),NDR-Landesfunkhaus                   Wall-Brücke,20
22.06.,16.00-18.00,Ein Zeichen für Ehrlichkeit und Unabhängikeit in den Medien (ARD-Mahnwache),NDR-Landesfunkhaus                   Schlossplatz,20
24.06.,10.00-18.00,Botschaft der Bibel im Bezug auf unser Grundgesetz zur Bewahrung der Grundwerte,Schevenbrücke,15
24.06.,9.00-18.00,Mahnwache gegen den Krieg/Frieden schaffen ohne Waffen,Kiellinie/BW-Truck,10
24.06.,11.00-17.00,Verfolgung von Falun Dalfa und die Verbrechen der KP Chinas,Schevenbrücke,3 - 5 
24.06.,15.00-17.30,WHO - Klares No,Aufzug/Exerzierplatz,25
26.06.,15.00-17.30,Flaschenpfand ist keine Rente,Aufzug/Exerzierplatz,15
27.06.,17.00-20.00,Umnutzung von Parkflächen,Weißenburgstraße 36,ca. 20
29.06.,16.00-18.00,Ein Zeichen für Ehrlichkeit und Unabhängikeit in den Medien (ARD-Mahnwache),NDR-Landesfunkhaus                   Wall-Brücke,20
29.06.,16.00-18.00,Ein Zeichen für Ehrlichkeit und Unabhängikeit in den Medien (ARD-Mahnwache),NDR-Landesfunkhaus                   Schlossplatz,20
01.07.,15.00-17.30,Die Ampel muss weg,Aufzug/Exerzierplatz,30
01.07.,13.00-16.30,Umnutzung von Parkflächen/Kleidungstausch ,Weißenburgstraße 36,ca. 20
03.07.,08.00-16.00,Gegen die Gewalt der AfD,Schützenwall 31-35 (vor dem Landgericht),50
03.07.,05.30-14.00,Streik Groß- und Außenhandel sowie Einzelhandel,CITTI-Park + Aufzug Mühlendamm ,2 x 50
03.07.,10.00-11.30,Lohnerhöhungen beim AWO-KV Kiel ,Aufzug/AWO-KV Preetzer Str. 35,150
03.07.,18.00-19.30,Flaschenpfand ist keine Rente,Aufzug/Exerzierplatz,20
06.07.,17.00-20.00,Mobilitätskonzept im Französischen Viertel,Metzstraße 31/33,ca. 20
06.07.,16.00-18.00,"Ausgewogene, unabhängige Berichterstattung; Frieden; Freilassung von Julia Assange; grundlegende Reformen beim öffetlich-rechtlichen Rundfunk",NDR-Landesfunkhaus                   Wall-Brücke,max .20
06.07.,16.00-18.00,"Ausgewogene, unabhängige Berichterstattung; Frieden; Freilassung von Julia Assange; grundlegende Reformen beim öffetlich-rechtlichen Rundfunk",NDR-Landesfunkhaus                   Schlossplatz,max. 20
08.07.,13.00-15.00,Gedenkfeier zur Einweihung des Semra Ertan-Platzes,An der Schanze/Falckensteiner Straße,120
08.07.,12.00-14.00 ,Stop - Keinen Schritt zurück (CSD),Aufzug/Rathausplatz,ca. 3.000
08.07.,15.00-17.30,Politik führt uns in die Armut,Aufzug/Exerzierplatz,30
09.07.,13.45-16.00,500 Tage vollumfänglicher Angriffskrieg Russlands gegen die Ukraine,Kielinie/Landesahaus,100-150
10.07.,18.00-19.30,Die Ampel muss weg,Aufzug/Exerzierplatz,20
10.07.,10.30-13.00,Jemenitische Staatsangehörige und deren Asylsituation,Ministerium für Justiz und Gesundheit,180
11.07.,10.00-19.00,Gegen den Nationalpark Ostsee,Seeburg,10
12.07.,17.00-19.00,"Solidarität mit Jenin, Palästina",Aufzug/Asmus Bremer-Platz,ca. 100
13.07.,13.00-14.00,Tarifbvertrag für studentische Beschäftgte - Blockade der Tarifgemeinschaft deutscher Länder brechen!,Landeshaus,ca. 30
13.07.,16.00-18.00,"Ausgewogene, unabhängige Berichterstattung; Frieden; Freilassung von Julia Assange; grundlegende Reformen beim öffetlich-rechtlichen Rundfunk",NDR-Landesfunkhaus                   Wall-Brücke,max .20
13.07.,16.00-18.00,"Ausgewogene, unabhängige Berichterstattung; Frieden; Freilassung von Julia Assange; grundlegende Reformen beim öffentlich-rechtlichen Rundfunk",NDR-Landesfunkhaus                   Schlossplatz,max. 20
14.07.,08.00-13.00,Gegen die Gewalt der AfD,Schützenwall 31-35 (vor dem Landgericht),50-100
14.07.,12.30-16.30,Kundgebung für freie Bildung und Bildungsvielfalt,Reventlouwiese an der Kiellinie,20-50
15.07.,15.30-17.30,"Renaturierung als Schlüssel zum Schutz von Küste, Klima und Natur",Kiellinie: Treppen hinter dem Landeshaus (Sektoren C3 + C 4),20-100 
15.07.,11.00-17.00,Verfolgung von Falun Dalfa und die Verbrechen der KP Chinas,Schevenbrücke,3-5
15.07.,15.00-17.45,Politik führt uns in die Armut,Aufzug/Exerzierplatz,30
16.07.,13.00-16.30,Umnutzung von Parkflächen/Kleidungstausch/Vernetzung  der Kielerinnen und Kieler,Exerzierplatz,ca. 30
17.07.,18.00-19.30,Die Ampel muss weg,Auffzug/Exerzierplatz,20
20.07.,16.00-18.00,"Ausgewogene, unabhängige Berichterstattung; Frieden; Freilassung von Julia Assange; grundlegende Reformen beim öffetlich-rechtlichen Rundfunk",NDR-Landesfunkhaus                   Wall-Brücke,max .20
20.07.,16.00-18.00,"Ausgewogene, unabhängige Berichterstattung; Frieden; Freilassung von Julia Assange; grundlegende Reformen beim öffetlich-rechtlichen Rundfunk",NDR-Landesfunkhaus                   Schlossplatz,max. 20
22.07.,15.00-17.30,Diplomaten statt Waffen,Aufzug/Exerzierplatz,30
24.07.,18.00-19.30,Flaschenpfand ist keine Rente,Aufzug/Exerzierplatz,20
27.07.,16.00-18.00,"Ausgewogene, unabhängige Berichterstattung; Frieden; Freilassung von Julia Assange; grundlegende Reformen beim öffetlich-rechtlichen Rundfunk",NDR-Landesfunkhaus                   Wall-Brücke,max .20
27.07.,16.00-18.00,"Ausgewogene, unabhängige Berichterstattung; Frieden; Freilassung von Julia Assange; grundlegende Reformen beim öffetlich-rechtlichen Rundfunk",NDR-Landesfunkhaus                   Schlossplatz,max. 20
28.07.,09:45-11.00,"Volksinitiative ""Rettet den Bürgerentscheid""",Asmus Bremer-Platz,30
29.07.,15.00-17.45,Stoppt Hass und Hetze,Aufzug/Exerzierplatz,30
30.07.,15.50-18.30,Behinderten Stolz Demo,Rathausplatz,500 (-1000)
31.07.,18.00-19.40,Die Ampel muss weg,Auffzug/Exerzierplatz,20
02.08.,08.00-16.00,Gegen die Gewalt der AfD,Schützenwall 31-35 (vor dem Landgericht),50-100
03.08.,16.00-18.00,"Befreiung des NDR aus den Klauen der Politik und vom Einfluss der transatlantischen Presseagenturen, weltweiter, dauerhafter Frieden, echte Demokratie, Freiheit für Julian Assange",NDR-Landesfunkhaus               Schlossplatz,max. 20
03.08.,16.00-18.00,"Befreiung des NDR aus den Klauen der Politik und vom Einfluss der transatlantischen Presseagenturen, weltweiter, dauerhafter Frieden, echte Demokratie, Freiheit für Julian Assange",NDR-Landesfunkhaus             Wall-Brücke,max. 20
05.08.,15.00-18.00,Hände weg von unseren Kindern!,Aufzug/Exerzierplatz,30
05.08.,12.00-15.00,Mahnwache gegen Massentierhaltung,Berliner Platz/Wasserbecken,15
07.08.,18.00-19.30,Die Ampel muss weg,Aufzug/Exerzierplatz,20
10.08.,16.00-18.00,"Befreiung des NDR aus den Klauen der Politik und vom Einfluss der transatlantischen Presseagenturen, weltweiter, dauerhafter Frieden, echte Demokratie, Freiheit für Julian Assange",NDR-Landesfunkhaus               Schlossplatz,max. 20
10.08.,16.00-18.00,"Befreiung des NDR aus den Klauen der Politik und vom Einfluss der transatlantischen Presseagenturen, weltweiter, dauerhafter Frieden, echte Demokratie, Freiheit für Julian Assange",NDR-Landesfunkhaus             Wall-Brücke,max. 20
10.08.,18.00-19.30,Abschiebung (einer queeren Geflüchteten) aus Klinik (nachts in Rickling) - geht's noch?,Aufzug/Schevenbrücke,200
10.08.,12.30-17.00,Gegen die Gewalt der AfD,Schützenwall 31-35 (vor dem Landgericht),50-100
11.08.,14.00-18.00,Gemeinsam durch die Krisen der heutigen Zeit,Bahnhofsplatz,10
11.08.,08.00-16.00,Gegen die Gewalt der AfD,Schützenwall 31-35 (vor dem Landgericht),50-100
12.08.,15.00-18.00,Frieden schaffen ohne Waffen,Aufzug/Exerzierplatz,30
14.08.,08.00-16.00,Gegen die Gewalt der AfD,Schützenwall 31-35 (vor dem Landgericht),50-100
14.08.,18.00-19.30,Flaschenpfand ist keine Rente,Aufzug/Exerzierplatz,20
15.08.,17.00-19.00,2 Jahre Machtübernahme der Taliban in Afghanistan,Aufzug/Wikingerstraße 11,200
17.08.,16.00-18.00,"Befreiung des NDR aus den Klauen der Politik und vom Einfluss der transatlantischen Presseagenturen, weltweiter, dauerhafter Frieden, echte Demokratie, Freiheit für Julian Assange",NDR-Landesfunkhaus               Schlossplatz,max. 20
17.08.,16.00-18.00,"Befreiung des NDR aus den Klauen der Politik und vom Einfluss der transatlantischen Presseagenturen, weltweiter, dauerhafter Frieden, echte Demokratie, Freiheit für Julian Assange",NDR-Landesfunkhaus             Wall-Brücke,max. 20
19.08.,15.00-17.45,Politik führt uns in die Armut,Aufzug/Exerzierplatz,30
19.08.,11.00-17.00,Verfolgung von Falun Dalfa und die Verbrechen der KP Chinas,Schevenbrücke,3-5
19.08.,18.00-19.30,WHO - Klares No,Aufzug/Exerzierplatz,20
23.08.,08.00-16.00,Gegen die Gewalt der AfD,Schützenwall 31-35 (vor dem Landgericht),50-100
24.08.,16.00-18.00,"Befreiung des NDR aus den Klauen der Politik und vom Einfluss der transatlantischen Presseagenturen, weltweiter, dauerhafter Frieden, echte Demokratie, Freiheit für Julian Assange",NDR-Landesfunkhaus               Schlossplatz,max. 20
24.08.,16.00-18.00,"Befreiung des NDR aus den Klauen der Politik und vom Einfluss der transatlantischen Presseagenturen, weltweiter, dauerhafter Frieden, echte Demokratie, Freiheit für Julian Assange",NDR-Landesfunkhaus             Wall-Brücke,max. 20
24.08.,17.00-20.15,Solidartätsbekundung anlässlich des Unabhängigkeitstages der Ukraine,Aufzug/Bahnhofsplatz,200-500
25.08.,14.00-15.30,"Fahrrad-Demo gegen Autobahnausbau, für mehr Fahrradweg und ÖPNV statt Autobahnen",Aufzug/Exerzierplatz,100-500
26.08.,15.00-16.00,Asylrecht verteidigen - Nein zum GEAS,Gartenstraße 27/Büro Luise Amtsberg,50
26.08.,15.00-18.30,WHO - Klares No,Aufzug/Exerzierplatz,30
28.08.,18.00-19.45,Die Ampel muss weg,Aufzug/Exerzierplatz,20
30.08.,17.00-18.00,Gedenktag an in Abscchiebehaft Verstorbene,Bahnhofsbrücke/Hörnbrücke,ca. 50
31.08.,16.00-18.00,"Befreiung des NDR aus den Klauen der Politik und vom Einfluss der transatlantischen Presseagenturen, weltweiter, dauerhafter Frieden, echte Demokratie, Freiheit für Julian Assange",NDR-Landesfunkhaus               Schlossplatz,max. 20
31.08.,16.00-18.00,"Befreiung des NDR aus den Klauen der Politik und vom Einfluss der transatlantischen Presseagenturen, weltweiter, dauerhafter Frieden, echte Demokratie, Freiheit für Julian Assange",NDR-Landesfunkhaus             Wall-Brücke,max. 20
01.09.,16.00-17.00,Gegen die wachsende Weltkriegsgefahr,Schevenbrücke,10
01.09.,15:50-18:30,Antikriegstag,Schevenbrücke,30
02.09.,15.00-18.30,Hände weg von unseren Kindern!,Aufzug/Exerzierplatz,30
02.09.,12.00-15.00,Silent Line - Abschaffung der Massentierhaltung,Holtenauer Str. 146-150,15
04.09.,18.00-19.30,Flaschenpfand ist keine Rente,Aufzug/Exerzierplatz,20
07.09.,16.00-18.00,"Befreiung des NDR aus den Klauen der Politik und vom Einfluss der transatlantischen Presseagenturen, weltweiter, dauerhafter Frieden, echte Demokratie, Freiheit für Julian Assange",NDR-Landesfunkhaus               Schlossplatz,max. 20
07.09.,16.00-18.00,"Befreiung des NDR aus den Klauen der Politik und vom Einfluss der transatlantischen Presseagenturen, weltweiter, dauerhafter Frieden, echte Demokratie, Freiheit für Julian Assange",NDR-Landesfunkhaus             Wall-Brücke,max. 20
09.09.,09.00-17.00,Fellows Ride - mit offenem Visier für Depressionshilfe und mentale Gesundheit,Motorradaufzug/Holsteinstadion,150
09.09.,15.00-17.30,WHO - Klares No,Aufzug/Exerzierplatz,30
11.09.,18.00-19.45,Politik führt uns in die Armut,Aufzug/Exerzierplatz,20
14.09.,16.00-18.00,"Befreiung des NDR aus den Klauen der Politik und vom Einfluss der transatlantischen Presseagenturen, weltweiter, dauerhafter Frieden, echte Demokratie, Freiheit für Julian Assange",NDR-Landesfunkhaus               Schlossplatz,max. 20
14.09.,16.00-18.00,"Befreiung des NDR aus den Klauen der Politik und vom Einfluss der transatlantischen Presseagenturen, weltweiter, dauerhafter Frieden, echte Demokratie, Freiheit für Julian Assange",NDR-Landesfunkhaus             Wall-Brücke,max. 20
15.09.,14.00-18.30,Klimagerechtigkeit,Aufzug/Exerzierplatz,2.000
15.09.,13.30-14.00,Zubringer-Demo anlässlich des Globalen Klimastreiks,Aufzug/Klaus Groth-Gemeinschaftsschule,100-500
15.09.,13.15-14.00,Zubringer-Demo anlässlich des Globalen Klimastreiks,Aufzug/CAU,30-200
15.09.,13.25-14.00,Zubringer-Demo anlässlich des Globalen Klimastreiks,Aufzug/Blücherplatz,20
15.09.,13.00-14.00,Zubringer-Demo anlässlich des Globalen Klimastreiks,Aufzug/Vinetaplatz,30
15.09.,15.00-18.00,Parks statt Parkplätze - Internationaler Parking Day,Jungfernstieg 28,20-30
15.09.,19.00-22.00,Chile: Vom Militärputsch 1973 bis zum Referendum 2023,Am Germaniahafen,50
16.09.,14.00-16.00,Erinnerung an Zhina Mahsa Amini,Aufzug/Bahnhofsplatz,150
16.09.,15.00-17.45,Hände weg von unseren Kindern!,Aufzug/Exerzierplatz,30
16.09.,12.30-14.00,Proteste im Iran und Ostkurdistan,Schevenbrücke,50
17.09.,11.00-16.00,"""Run for Rescue"" (Spendenlauf für die zivile Seenotrettung im Mittelmeer)",Kiellinie/Reventloubrücke,300
18.09.,18.00-19.30,Die Ampel muss weg,Aufzug/Exerzierplatz,20
19.09.,10.00-13.00,Reißt das Ruder rum - Agrarmarkt auf richtigen Kurs setzen,Aufzug/Eichhofstraße 27/29 (FDP),
20.09.,14.30-16.30,Mahnwache ehemaliger Heimkinder,Landeshaus,50
20.09.,11.30-13.00,Anbindehaltung beenden - Ausstiegsprämien für Landwit:innen,Landwirtschaftsministerium,7
21.09.,16.00-18.00,"Befreiung des NDR aus den Klauen der Politik und vom Einfluss der transatlantischen Presseagenturen, weltweiter, dauerhafter Frieden, echte Demokratie, Freiheit für Julian Assange",NDR-Landesfunkhaus               Schlossplatz,max. 20
21.09.,16.00-18.00,"Befreiung des NDR aus den Klauen der Politik und vom Einfluss der transatlantischen Presseagenturen, weltweiter, dauerhafter Frieden, echte Demokratie, Freiheit für Julian Assange",NDR-Landesfunkhaus             Wall-Brücke,max. 20
21.09.,10.00-14.00,Umbau statt Abbau (Tierwohlställe ermöglichen),Platz der Kieler Matrosen,300
21.09.,08.00-21.00,Unser Land - unsere Zukunft,Auguste Viktoria-Straße + Aufzug,1000
21.09.,?,Milchmarkt (BDM e. V.),vor Atlantic-Hotel,20-30
21.09.,10.00-13.00,Nationalpark Ostsee und Fischereizukunft,Innenförde/Platz der Kieler Matrosen,50
21.09.,09.55-12.30,Gegen den geplanten Nationalpark und für mehr Schutz der Ostsee,Kaistraße,70
21.09.,16:30-20.00,Stellungnahme gegen GEAS - Ratsversammlung/Die Linke,Fleethörne/Rathausplatz,100
21.09.,18.00-21.00,Ratsversammlungsthemen -Kulturelle und gemeinschaftsbildende Nutzung öffentlicher Räume,Waisenhofstraße/Rathaus,10
21./22.09.,14.00-14.00,Verband Deutscher Putenerzeuger - Agrarminister ,Bahnhofsbrücke/Hörnbrücke,300
22.09.,09.00-16.00,Gegen Tiertransporte in Nicht-EU-Staaten,Bahnhofspaltz,15
23.09.,14.00-19.00,Kidical Mass - Straßen sind für alle da!,Aufzug/Wilhelmplatz,200-300
23.09.,15.00-17.30,Grüne Energiewende - Die Zerstörung der deutschen Wirtschaft,Aufzug/Exerzierplatz,30
23.09.,12.05-14.30,Bildungswende jetzt!,Aufzug/Gewerkschaftshaus,500
24.09.,11.00-21.00,Aus grau und eng wird grün und entspannt (öffentlichen Raum erfahren),Teichstraße,100
26.09.,10.45-12.00,"Volksintitiative ""Rettet den Bürgerentscheid"" - Übergabe der Unterschriften",Landeshaus,50
27.09.,09.15-11.00,CCS,Landeshaus,30
27.09.,16.00-18.00,Gebet gegen Abtreibung,Pro Familia/Bergstraße 5,15
27.09.,13.00-14.30,Gewalt gegen Frauen verhindern,Landeshaus,20-30
27.09.,08.00-16.00,Gegen die Gewalt der AfD gegen Andersdenkende,Landgericht,50-100
27.09.,16.00-18.00,Selbstbestimmung über den eigenen Körper,Pro Familia/Bergstraße 7,20
28.09.,16.00-18.00,Gebet gegen Abtreibung,Bergstraße ggü. Hausnummer 5 (Wiese IHK),15
28.09.,11.30-13.00,IG Metall gestaltet Zukunft,Falckensteiner Str. 2 Höhe Tor 6,30
28.09.,16.00-18.00,"Befreiung des NDR aus den Klauen der Politik und vom Einfluss der transatlantischen Presseagenturen, weltweiter, dauerhafter Frieden, echte Demokratie, Freiheit für Julian Assange",NDR-Landesfunkhaus               Schlossplatz,max. 20
28.09.,16.00-18.00,"Befreiung des NDR aus den Klauen der Politik und vom Einfluss der transatlantischen Presseagenturen, weltweiter, dauerhafter Frieden, echte Demokratie, Freiheit für Julian Assange",NDR-Landesfunkhaus             Wall-Brücke,max. 20
28.09.,17.00-20.58,Safe Abortion Day,Asmus Bremer-Platz,100
29.09.,16.00-18.00,Gebet gegen Abtreibung,Bergstraße ggü. Hausnummer 5 (Wiese IHK),15
30.09.,18.00-20.00,Gebet gegen Abtreibung,Bergstraße ggü. Hausnummer 5 (Wiese IHK),15
30.09.,15.00-17.30,Politik führt uns in die Armut,Aufzug/Schevenbrücke,30
30.09.,15.00-20.00,Durchsetzung deutscher Interessen,Aufzug/Exerzierplatz,300
30.09.,14.15-18.00,Kein Platz für die AfD in Kiel,Hopfenstraße/Ziegelteich,100-200
01.10.,12.00-14.00,Gebet gegen Abtreibung,Bergstraße ggü. Hausnummer 5 (Wiese IHK),15
02.10.,18.00-20.00,Gebet gegen Abtreibung,Bergstraße ggü. Hausnummer 5 (Wiese IHK),15
03.10.,11.00-13.00,Gebet gegen Abtreibung,Bergstraße ggü. Hausnummer 5 (Wiese IHK),15
03.10.,13.00-19.49,Tag der deutschen Zweiheit,Exerzierplatz,100
04.10.,16.00-18.00,Gebet gegen Abtreibung,Bergstraße ggü. Hausnummer 5 (Wiese IHK),15
05.10.,18.00-20.00,Gebet gegen Abtreibung,Bergstraße ggü. Hausnummer 5 (Wiese IHK),15
05.10.,08.00-16.00,Kein Platz für die AfD in Kiel,Landgericht,50-100
05.10.,08.00-16.00,Gegen die Gewalt der AfD gegen Andersdenkende,Landgericht,50-100
05.10.,16.00-18.00,"Befreiung des NDR aus den Klauen der Politik und vom Einfluss der transatlantischen Presseagenturen, weltweiter, dauerhafter Frieden, echte Demokratie, Freiheit für Julian Assange",NDR-Landesfunkhaus Schlossplatz,max. 20
05.10.,16.00-18.00,"Befreiung des NDR aus den Klauen der Politik und vom Einfluss der transatlantischen Presseagenturen, weltweiter, dauerhafter Frieden, echte Demokratie, Freiheit für Julian Assange",NDR-Landesfunkhaus Wall-Brücke,max. 20
06.10.,18.00-20.00,Gebet gegen Abtreibung,Bergstraße ggü. Hausnummer 5 (Wiese IHK),15
07.10.,15.00-17.30,"Frieden, Freiheit, Selbstbestimmung",Aufzug/Exerzierplatz,30
07.10.,15.00-17.30,Gegen Isolation - Freiheit für Abdullah Öcalan,Aufzug/Platz der Kieler Matrosen,200
07.10.,18.00-20.00,Gebet gegen Abtreibung,Bergstraße ggü. Hausnummer 5 (Wiese IHK),15
08.10.,11.00-17.00,Verfolgung von Falun Dalfa und die Verbrechen der KP Chinas,Holstenstraße 108 neben Rolltreppe,3 bis 5
08.10.,12.00-14.00,Gebet gegen Abtreibung,Bergstraße ggü. Hausnummer 5 (Wiese IHK),15
09.10.,18.00-20.00,Gebet gegen Abtreibung,Bergstraße ggü. Hausnummer 5 (Wiese IHK),15
10.10.,12:30-17.00,Mittelkürzungen in den Freiwilligendiensten,Kirchhofallee (Lidl/Rewe),200
10.10. ,17.30-20.00,"Gegen jeden Antisemitismus, Solidartät mit Israel",Asmus Bremer-Platz,150
10.10.,18.00-20.00,Gebet gegen Abtreibung,Bergstraße ggü. Hausnummer 5 (Wiese IHK),15
11.10.,16.00-18.00,Gebet gegen Abtreibung,Bergstraße ggü. Hausnummer 5 (Wiese IHK),15
12.10.,16.00-18.00,"Befreiung des NDR aus den Klauen der Politik und vom Einfluss der transatlantischen Presseagenturen, weltweiter, dauerhafter Frieden, echte Demokratie, Freiheit für Julian Assange",NDR-Landesfunkhaus Schlossplatz,max. 20
12.10.,16.00-18.00,"Befreiung des NDR aus den Klauen der Politik und vom Einfluss der transatlantischen Presseagenturen, weltweiter, dauerhafter Frieden, echte Demokratie, Freiheit für Julian Assange",NDR-Landesfunkhaus Wall-Brücke,max. 20
12.10.,18.00-20.00,Gebet gegen Abtreibung,Bergstraße ggü. Hausnummer 5 (Wiese IHK),15
13.10.,17.00-19.00,Gebet gegen Abtreibung,Bergstraße ggü. Hausnummer 5 (Wiese IHK),15
13.10.,15.00-18.00,"Gegen jeden Antisemitismus, Solidartät mit Israel",Rathausplatz,ca. 50
14.10.,15.00-17.30,WHO - Klares No,Aufzug/Exerzierplatz,30
14.10.,12.00-14.00,Gebet gegen Abtreibung,Bergstraße ggü. Hausnummer 5 (Wiese IHK),15
14.10.,12.00-14.00,Abschaffung der Massentierhaltung,Kirchhofallee 68 (Lidl/Rewe),10
15.10.,12.00-15.00,Gebet gegen Abtreibung,Bergstraße ggü. Hausnummer 5 (Wiese IHK),15
16.10.,17.00-19.00,Gebet gegen Abtreibung,Bergstraße ggü. Hausnummer 5 (Wiese IHK),15
17.10.,16.00-18.00,Gebet gegen Abtreibung,Bergstraße ggü. Hausnummer 5 (Wiese IHK),15
18.10.,16.00-18.00,Gebet gegen Abtreibung,Bergstraße ggü. Hausnummer 5 (Wiese IHK),15
19.10.,16.00-18.00,"Befreiung des NDR aus den Klauen der Politik und vom Einfluss der transatlantischen Presseagenturen, weltweiter, dauerhafter Frieden, echte Demokratie, Freiheit für Julian Assange",NDR-Landesfunkhaus Schlossplatz,max. 20
19.10.,16.00-18.00,"Befreiung des NDR aus den Klauen der Politik und vom Einfluss der transatlantischen Presseagenturen, weltweiter, dauerhafter Frieden, echte Demokratie, Freiheit für Julian Assange",NDR-Landesfunkhaus Wall-Brücke,max. 20
19.10.,12.00-19.00,Gebet gegen Abtreibung,Bergstraße ggü. Hausnummer 5 (Wiese IHK),15
20.10.,17.00-19.00,Gebet gegen Abtreibung,Bergstraße ggü. Hausnummer 5 (Wiese IHK),15
21.10.,12.00-14.00,Gebet gegen Abtreibung,Bergstraße ggü. Hausnummer 5 (Wiese IHK),15
21.10.,15.00-17.30,Bezahlbare Mieten/Bezahlbares Leben,Aufzug/Exerzierplatz,30
22.10.,12.00-14.00,Gebet gegen Abtreibung,Bergstraße ggü. Hausnummer 5 (Wiese IHK),15
23.10.,17.00-19.00,Gebet gegen Abtreibung,Bergstraße ggü. Hausnummer 5 (Wiese IHK),15
24.10.,17.00-19.00,Gebet gegen Abtreibung,Bergstraße ggü. Hausnummer 5 (Wiese IHK),15
25.10.,13.00-15.00,Waffenstillstand im Gazastreifen,Rathausplatz,250
25.10.,16.00-18.00,Gebet gegen Abtreibung,Bergstraße ggü. Hausnummer 5 (Wiese IHK),15
26.10.,16.00-18.00,"Befreiung des NDR aus den Klauen der Politik und vom Einfluss der transatlantischen Presseagenturen, weltweiter, dauerhafter Frieden, echte Demokratie, Freiheit für Julian Assange",NDR-Landesfunkhaus Schlossplatz,max. 20
26.10.,16.00-18.00,"Befreiung des NDR aus den Klauen der Politik und vom Einfluss der transatlantischen Presseagenturen, weltweiter, dauerhafter Frieden, echte Demokratie, Freiheit für Julian Assange",NDR-Landesfunkhaus Wall-Brücke,max. 20
26.10.,17.00-19.00,Gebet gegen Abtreibung,Bergstraße ggü. Hausnummer 5 (Wiese IHK),15
27.10.,17.00-19.00,Gebet gegen Abtreibung,Bergstraße ggü. Hausnummer 5 (Wiese IHK),15
27.10.,17.00-21.00,Kein Interesse für die AfD,Ziegelteich/Hopfenstraße,150
27.10.,08.00-15.00,Solidarität mit den Opfern von Henstedt-Ulzburg,Landgericht,30
28.10.,12.00-14.00,Gebet gegen Abtreibung,Bergstraße ggü. Hausnummer 5 (Wiese IHK),15
28.10.,15.00-17.30,Die Ampel muss weg,Aufzug/Exerzierplatz,30
28.10.,16.00-18.00,Don't forget Afghanistan,Schevenbrücke,ca. 50
29.10.,12.00-14.00,Gebet gegen Abtreibung,Bergstraße ggü. Hausnummer 5 (Wiese IHK),15
30.10.,17.00-19.00,Gebet gegen Abtreibung,Bergstraße ggü. Hausnummer 5 (Wiese IHK),15
31.10.,12.00-14.00,Gebet gegen Abtreibung,Bergstraße ggü. Hausnummer 5 (Wiese IHK),15
01.11.,16.00-18.00,Gebet gegen Abtreibung,Bergstraße ggü. Hausnummer 5 (Wiese IHK),15
02.11.,16.00-18.00,Gebet gegen Abtreibung,Bergstraße ggü. Hausnummer 5 (Wiese IHK),15
02.11.,12.00-13.00,Tarifrunde der Länder 2023,Polizeizentrum Eichhof,200
02.11.,16.00-18.00,"Befreiung des NDR aus den Klauen der Politik und vom Einfluss der transatlantischen Presseagenturen, weltweiter, dauerhafter Frieden, echte Demokratie mit echter Gewaltenteilung, Freiheit für Julian Assange",NDR-Landesfunkhaus Schlossplatz,max. 20
02.11.,16.00-18.00,"Befreiung des NDR aus den Klauen der Politik und vom Einfluss der transatlantischen Presseagenturen, weltweiter, dauerhafter Frieden, echte Demokratie mit echter Gewaltenteilung, Freiheit für Julian Assange",NDR-Landesfunkhaus Wall-Brücke,max. 20
03.11.,16.00-18.00,Gebet gegen Abtreibung,Bergstraße ggü. Hausnummer 5 (Wiese IHK),15
04.11.,16.00-18.00,Gebet gegen Abtreibung,Bergstraße ggü. Hausnummer 5 (Wiese IHK),15
04.11.,12.00-22.00,Die große Meuterei,Aufzug/Wilhelmplatz,5000
04.11.,11.00-13.00,Solidarität mit den palästinensischen Zivilisten,Asmus Bremer-Platz,250
04.11.,12.00-15.00,Silent Line - Abschaffung der Massentierhaltung,Park Dreiecksplatz,20
05.11.,12.00-14.00,Gebet gegen Abtreibung,Bergstraße ggü. Hausnummer 5 (Wiese IHK),15
06.11.,13.00-15.00,"Freiwilligendienste stärken, Kürzungen verhindern",Asmus Bremer-Paltz,50
08.11.,18.00-21.00,Frieden im Nahen Osten,Aufzug/Vinetaplatz,100
09.11.,18.00-18.45,Unser Stadtteil leuchtet - Gedenken an Nazi-Progrome 1938,Bernhard Minetti-Platz,70
09.11.,16.00-18.00,"Befreiung des NDR aus den Klauen der Politik und vom Einfluss der transatlantischen Presseagenturen, weltweiter, dauerhafter Frieden, echte Demokratie mit echter Gewaltenteilung, Freiheit für Julian Assange",NDR-Landesfunkhaus Schlossplatz,max. 20
09.11.,16.00-18.00,"Befreiung des NDR aus den Klauen der Politik und vom Einfluss der transatlantischen Presseagenturen, weltweiter, dauerhafter Frieden, echte Demokratie mit echter Gewaltenteilung, Freiheit für Julian Assange",NDR-Landesfunkhaus Wall-Brücke,max. 20
11.11.,13.45-16.30,Tag gegen Gewalt an Frauen,Schevenbrücke,30
11.11.,15.00-17.30,Bezahlbare Mieten/Bezahlbares Leben,Aufzug/Exerzierplatz,30
11.11.,11.00-17.00,Verfolgung von Falun Dalfa und die Verbrechen der KP Chinas,Schevenbrücke,3-5
12.11.,14.00-16.00,Stop den Krieg im Nahen Osten,Platz der Kieler Matrosen ,500
12.11.,17.00-19.00,Solidarität mit Rojava,Platz der Kieler Matrosen,20
12.11.,16.00-18.30,Laternelaufen fürs Klima,Aufzug/Schützenpark,50
13.11.,08.00-16.00,Gegen die Gewalt der AfD gegen Andersdenkende,Schützenwall 31-35 (vor dem Landgericht),50-100
15.11.,17.00-19.00,Solidarität mit den palästinensischen Zivilist*innen,Christian Albrechts-Platz,250
16.11.,08.00-16.00,Gegen die Gewalt der AfD gegen Andersdenkende,Schützenwall 31-35 (vor dem Landgericht),50-100
16.11.,09:30-13.00,Streik der GDL Ortsgruppe Kiel,Hauptbahnhof/Kaisertreppe,40
16.11.,16.00-18.00,"Befreiung des NDR aus den Klauen der Politik und vom Einfluss der transatlantischen Presseagenturen, weltweiter, dauerhafter Frieden, echte Demokratie mit echter Gewaltenteilung, Freiheit für Julian Assange",NDR-Landesfunkhaus Schlossplatz,max. 20
16.11.,16.00-18.00,"Befreiung des NDR aus den Klauen der Politik und vom Einfluss der transatlantischen Presseagenturen, weltweiter, dauerhafter Frieden, echte Demokratie mit echter Gewaltenteilung, Freiheit für Julian Assange",NDR-Landesfunkhaus Wall-Brücke,max. 20
17.11.,07.45-08.15,Tarifrunde TVL,Aufzug/UKSH,250
17.11.,10.00-13.00,Streik Tarifrunde Länder,Aufzug/Gewerkschaftshaus,450
18.11.,14.00-17:00,Solidarität mit den palästinensischen Zivilisten,Platz der Kieler Matrosen,350
18.11.,15.00-17.30,WHO - Klares No,Aufzug/Exerzierplatz,30
19.11.,10.00-18.00,Mobilisierung zur StopGEAS-Demonstration,Kielinie B4,15
22.11.,14.00-15.15,Einkommensrunde im öffentlichen Dienst,Finanzministerium,6 bis 10
23.11.,14.30-15.30,Einkommensrunde im öffentlichen Dienst,Finanzministerium,6 bis 10
23.11.,16.00-18.00,"Befreiung des NDR aus den Klauen der Politik und vom Einfluss der transatlantischen Presseagenturen, weltweiter, dauerhafter Frieden, echte Demokratie mit echter Gewaltenteilung, Freiheit für Julian Assange",NDR-Landesfunkhaus Schlossplatz,max. 20
23.11.,08.00-16.00,Gegen die Gewalt der AfD gegen Andersdenkende,Schützenwall 31-35 (vor dem Landgericht),50-100
23.11.,16.00-18.00,"Befreiung des NDR aus den Klauen der Politik und vom Einfluss der transatlantischen Presseagenturen, weltweiter, dauerhafter Frieden, echte Demokratie mit echter Gewaltenteilung, Freiheit für Julian Assange",NDR-Landesfunkhaus Wall-Brücke,max. 20
23.11.,18.00-20.30,Brandanschlag in Mölln 1992,Bahide Arslan-Platz,ca. 100
24.11.,07.45-08.15,Tarifrunde TVL,Aufzug/UKSH,250
24.11.,09.30-11.00,Tarifrunde TVL,Aufzug/Gewerkschaftshaus,250
24.11.,08.00-15.00,Demonstration und Kundgebung anlässlich der Einkommensrunde im öffentlichen Dienst,Aufzug/Ostseekai,1000
25.11.,13.00-16.00,Schilderwald Feministisches Bündnis + Kundgebung,Holstenstraße,150
25.11.,15.00-17.30,Diese Politik führt uns in die Armut,Aufzug/Exerzierplatz,30
25.11.,16.00-17.00,Internationaler Tag zur Beseitigung von Gewalt gegen Frauen,Holstenstraße,100
25.11.,16.00-18.00,Holodomor - Genozid durch Hungertod am ukrainischen Volk 1932/33,Klosterplatz,100-150
26.11.,14.00-17.00,Stopp der GEAS-Reform,Aufzug/Exerzierplatz,ca. 300
30.11.,16.00-18.00,"Befreiung des NDR aus den Klauen der Politik und vom Einfluss der transatlantischen Presseagenturen, weltweiter, dauerhafter Frieden, echte Demokratie mit echter Gewaltenteilung, Freiheit für Julian Assange",NDR-Landesfunkhaus Schlossplatz,max. 20
30.11.,16.00-18.00,"Befreiung des NDR aus den Klauen der Politik und vom Einfluss der transatlantischen Presseagenturen, weltweiter, dauerhafter Frieden, echte Demokratie mit echter Gewaltenteilung, Freiheit für Julian Assange",NDR-Landesfunkhaus Wall-Brücke,max. 20
01.12.,17.30-19.00,Lichtergang Welt-Aids-Tag,Aufzug/Stresemannplatz,30
02.12.,15.00-17.30,Flaschenpfand ist keine Rente,Aufzug/Exerzierplatz,30
02.12.,12.00-15.00,silent line (Mahnwache) der Albert-Schweitzer-Stiftung,Holstenstraße 32/34 Wasserbecken/Bootshafen,15
03.12.,15.00-17.00,Zusammen für jüdisches Leben - Am Israel Chai,Holstenstraße/-brücke,ca. 10
04.12.,12.30-14.30,Solidarität mit den palästinensischen Zivilisten,CAU Kiel Christian-Albrechts-Platz,150
04.12.,09.45-13.00,Nationalpark Ostsee -Petitionsübergabe-,Staatskanzlei,20
05.12.,08.00-09.00,Gegen die Gewalt der AfD gegen Andersdenkende,Eingang Landgericht Harmsstraße,15-30
06.12.,10.00-16.30,Streik Landesdienst,Aufzug/Gewerkschaftshaus,3000
07.12.,17.00-18.00,Solidarität mit Israel zwei Monate nach dem Terrorangriff der Hamas,Platz der Kieler Matrosen,100-200
07.12.,16.00-17.00,"Befreiung des NDR aus den Klauen der Politik und vom Einfluss der transatlantischen Presseagenturen, weltweiter, dauerhafter Frieden, echte Demokratie mit echter Gewaltenteilung, Freiheit für Julian Assange",NDR-Landesfunkhaus Schlossplatz,max. 20
"07.12,",17.15-18.15,"Befreiung des NDR aus den Klauen der Politik und vom Einfluss der transatlantischen Presseagenturen, weltweiter, dauerhafter Frieden, echte Demokratie mit echter Gewaltenteilung, Freiheit für Julian Assange",Kieler Nachrichten Fleethörn,max.20
07.12.,17.00-18.30,Solidarität mit den Zivilisten in Gaza (Gegendemonstration) ,Platz der Kieler Matrosen,25
08.12.,14.00-16.30,FFF - BVerfG-Urteil zu 60 Mrd. € für Klimaschutz,Aufzug/Alter Markt,50
08.12.,10.00-12.00,Streikposten der GDL Ortsgruppe Kiel,Platz der Kieler Matrosen/Kaisertreppe,35
09.12.,14.00-15.30,Stoppt die drohende globale Umweltkatastrophe,Kaistraße Platz vor dem Blauen Engel,10
09.12.,11.30-15.00,Tiere,Holstenstraße Höhe Hausnummer 70/72,10
09.12.,15.00-17.30,Hände weg von unseren Kindern!,Aufzug/Exerzierplatz,20
10.12.,14.30-15.30,Friedenslicht aus Bethlehem,Aufzug/Bahnhofsplatz,ca.300
11.12.,08.30-09.30,Gegen die Gewalt der AfD gegen Andersdenkende,Landgericht Eingang Harmsstraße,50-100
11.12.,15.30-16.30,"""Ceasefire Now""",Holstenstraße 19-27,50
12.12.,10.00-12.00,Streikdemonstration und -versammlung zu den Tarifrunden im Handel im Norden,Aufzug/Westring (IKEA),100
13.12.,10.00-12.00,Streikdemonstration und -versammlung zu den Tarifrunden im Handel im Norden,Aufzug/Legienstr. (Gewerkschaftshaus),100
13.12.,17.00-18.30,Solidarität mit den palästinensischen Zivilist*innen,CAU Kiel Christian-Albrechts-Platz,250
13.12.,9.00-10.30,"Kita-Kampagne 'Küchenschürzenchallenge""",Landeshaus,100-150
13.12.,17.00-20.00,"Gegen Armut, Versrängung und Aufrüstung",Vinetaplatz (Seite Elisabethstr.),200
14.12.,16.00-17.00,"Befreiung des NDR aus den Klauen der Politik und vom Einfluss der transatlantischen Presseagenturen, weltweiter, dauerhafter Frieden, echte Demokratie mit echter Gewaltenteilung, Freiheit für Julian Assange",NDR-Landesfunkhaus Schlossplatz,max.20
14.12.,17.15-18.15,"Befreiung des NDR aus den Klauen der Politik und vom Einfluss der transatlantischen Presseagenturen, weltweiter, dauerhafter Frieden, echte Demokratie mit echter Gewaltenteilung, Freiheit für Julian Assange",Kieler Nachrichten Fleethörn,max.20
16.12.,12.00-15.00,Frieden schaffen ohne Waffen,Europaplatz/Schevenbrücke,ca. 10
16.12.,15.00-17.30,"Maut & CO2 Steuer runter, Politikwende jetzt!",Aufzug/Exerzierplatz,30
16.12.,12.00-14.00,Silent Line - Abschaffung der Massentierhaltung,Holstenstraße 32/34 Wasserbecken/Bootshafen,10
18.12.,16.30-17.30,Solidarisch mit Gaza,Holstenstr. 37 (zw. Primark und Hans im Glück),50
21.12.,09.30-11.30,Streikdemonstration und -versammlung zu den Tarifrunden im Handel im Norden,Aufzug/Gewerkschaftshaus,120
21.12.,11.00-15.00,Gegen die Gewalt der AfD gegen Andersdenkende,Schützenwall/Harmsstraße - beim Landgericht,30-75
21.12.,16.00-17.00,"Befreiung des NDR aus den Klauen der Politik und vom Einfluss der transatlantischen Presseagenturen, weltweiter, dauerhafter Frieden, echte Demokratie mit echter Gewaltenteilung, Freiheit für Julian Assange",NDR-Landesfunkhaus Schlossplatz,max.20
21.12.,17.15-18.15,"Befreiung des NDR aus den Klauen der Politik und vom Einfluss der transatlantischen Presseagenturen, weltweiter, dauerhafter Frieden, echte Demokratie mit echter Gewaltenteilung, Freiheit für Julian Assange",Kieler Nachrichten Fleethörn,max.20
23.12.,11.30-15.00,Christmas Ride - Motorradfahrer für mehr Anerkennung und Würdigung der Pflegekräfte,Aufzug/Konrad-Adenauer-Damm 2,500
23.12.,12.00-14.00,Willkommen statt Abschiebungen,Stresemannplatz/Welcome Center,15
27.12.,17.00-18.00,Gegen die Angriffe des türkischen Staates auf Rojava/Süd-Ost Syrien,Bahnhofsvorplatz,100
28.12.,16.00-17.00,"Befreiung des NDR aus den Klauen der Politik und vom Einfluss der transatlantischen Presseagenturen, weltweiter, dauerhafter Frieden, echte Demokratie mit echter Gewaltenteilung, Freiheit für Julian Assange",NDR-Landesfunkhaus Schlossplatz,max.20
28.12.,17.15-18.15,"Befreiung des NDR aus den Klauen der Politik und vom Einfluss der transatlantischen Presseagenturen, weltweiter, dauerhafter Frieden, echte Demokratie mit echter Gewaltenteilung, Freiheit für Julian Assange",Kieler Nachrichten Fleethörn,max.20
